mass_kg,beta_deg,cd0,f_factor,v_impact,t_impact,spin_rpm,theta_deg,ke_j
0.20496714153011233,2.930867849414408,1.0971532807151039,0.3761514928204013,16.163028236993448,62.849167889927735,476.99989656489896,7.413001553670668,26.7731648529195
0.19765846625276665,2.8829315215254097,1.2368819223261087,0.3383717364576454,15.90483604148115,63.83116480127962,468.1148351552666,8.124064662362509,25.000219302245807
0.1953052561406505,3.2712800217929825,0.9304873460781307,0.27671351232148717,15.843496747152845,64.07786207000449,471.5864681683382,8.781630666097387,24.512410091861774
0.20241962271566036,2.043359877671101,0.741262325123045,0.27188562353795137,16.152730003433035,62.87260977621986,461.47762249606455,9.253212697213828,26.40672136836474
0.18987168879665578,3.157123666297637,0.8637963886718184,0.22938481493323543,15.677764873959026,64.73245150426041,464.0203022626762,9.821614708002734,23.334500633471617
0.21465648768921555,2.887111849756732,1.0101292307031886,0.22876259068932714,16.611743776969515,61.21621059480858,488.3735098747536,8.832194884373799,29.617232249547722
0.19455617275474818,3.055461294854933,0.8273509633866546,0.31878490091728356,15.793029339835964,64.27094806615499,467.19149097667656,8.394737468019121,24.263078487583115
0.19399361310081195,2.8541531251033616,0.9097440081655904,0.39261390922544687,15.737278025043015,64.48722851175005,463.07135189572404,7.706924536557882,24.02241530898095
0.19986502775262066,2.4711445355220496,1.1233817368154784,0.23895781750144887,16.070635439772577,63.19248943991608,465.4117781620095,9.598521805724964,25.80910301824514
0.20208863595004756,2.020164938060112,0.8007720926652354,0.30984306179345616,16.113128723504218,63.02049099720926,460.4043048832629,8.765950472223514,26.234431048424373
0.20738466579995413,3.085684140594985,0.982652757641764,0.28494481522053555,16.298523954659085,62.34980111074077,482.72678307749834,8.257618970097539,27.545026574643796
0.18521478009632575,2.6400778958026456,0.9309041843560318,0.3528561113109458,15.420457449588689,65.76175372586495,449.8842907334193,8.64067966682245,22.021158319900128
0.20343618289568463,2.118479922318633,1.0486125954092191,0.28074588597918415,16.181310600915257,62.767036962067756,463.6563165298763,9.03484394888366,26.633337428885252
0.1932307799969404,3.305838144420434,1.1546499283743927,0.34656400595580994,15.720568668068998,64.56040392762995,469.08761660088044,7.996645818026758,23.87716800226541
0.19160782476777363,2.8453938120743927,1.0496895147105345,0.34877725635611795,15.667054520351623,64.76568659343451,460.4315926167541,8.283247225570095,23.51570234595997
0.19520825762154712,2.9071705116680913,0.8340497538990957,0.24018966879596645,15.879448243854815,63.93439418213722,466.5173127538757,9.533031234082305,24.611552257284586
0.20812525822394198,3.6781200142854114,0.9891984817629499,0.3501766448946012,16.279774565515968,62.428308803224255,492.0922323670797,7.209460969729732,27.579828889944668
0.20361636025047636,2.677440122697438,1.054209340826262,0.37690182832329844,16.11669862164524,63.018157800082705,471.6149920699403,7.579655790730935,26.444468571085313
0.1996417396089005,3.782321827907003,0.6070382343865384,0.3410951252187612,15.960432718860668,63.63255744872951,483.7309274449664,7.565249933611778,25.427910453060115
0.20087047068238173,2.8504963247670663,1.0137641164803253,0.20062155426995534,16.13166727685947,62.970277402356736,472.67046324369676,9.937709611445309,26.13633050590226
0.1978032811216249,3.178556285755873,1.2216841067112274,0.2740864890863176,15.942964159985682,63.69030109132917,473.1749825760313,8.7562842980302,25.138631698471976
0.19191506397106814,2.749121478207732,1.1373103176553112,0.3164375554829842,15.700788734826666,64.62982175573408,459.6336618999194,8.713280091939334,23.654948629296765
0.19470239796232963,3.256633716556678,1.014561632402206,0.3484322495266444,15.777544074983451,64.33513275987578,470.09959436700245,7.939836859274584,24.23372129011061
0.19297946906122648,2.836168926701116,0.9411837770301763,0.22682425259339406,15.809809545706038,64.20505879476296,463.0547389623077,9.906984093620338,24.117616659726927
0.20296120277064578,3.1305276360899446,1.000767018496369,0.28827064333124264,16.129645447562865,62.978974699105315,478.3131015075614,8.373332654610163,26.401747570249924
0.18584629257949586,2.7896773386173206,0.9485928225209845,0.259886136538919,15.507765517949483,65.41062507646474,453.64035131083267,9.784003300456755,22.34716098685493
0.19838714288333992,3.202025428407269,1.2829278851815795,0.3087288906415919,15.942077100211085,63.693250925653025,473.9106130335247,8.273479461432956,25.21002855213518
0.20257550390722764,2.962777042116916,0.7121843177051438,0.29867430622753915,16.112758400276242,63.03964816870182,475.27194959144225,8.349577669320787,26.29642575496677
0.20060230209941027,4.231621056242643,0.9711458552828316,0.3150773671166806,16.001619317360593,63.48039862432417,491.6557136522879,7.599481815785603,25.682292352378894
0.1996528823029476,2.415660981190234,1.171423422177253,0.3375966516343387,15.992765440945409,63.485085676338784,463.42586745606786,8.302625665857724,25.532463750498852
0.20791031947043048,2.5453062726026303,1.2104191466404148,0.22990744686038594,16.374578136323848,62.06234803929394,475.6396993172835,9.313514964580351,27.873165273709954
0.2058685709380027,4.095227812904989,0.8514195512303968,0.2716851135198614,16.227193886426047,62.62888792214709,496.2281001086839,7.967007172352475,27.10484353705245
0.20099651365087642,2.7482621729419003,0.7674004853400801,0.30342814874030133,16.055711228250434,63.25165037470678,470.2118225364716,8.474804784534703,25.90702987026034
0.18937696286273897,3.236796215317591,0.8620863648649295,0.377496720250877,15.55654897938911,65.21717722188045,463.28521012657257,7.8594236127490635,22.915201104018422
0.19216746707663765,2.8389692418971624,1.1220275826054504,0.23845678417830224,15.767881220222067,64.3692694521551,462.0109490932328,9.757713410260843,23.888921846046976
0.2022745993460413,3.653571377141214,0.7588775148158159,0.3092316929266152,16.07943198127626,63.17636815581105,485.15087358371375,7.877362480547373,26.148859990988576
0.20259882794248424,3.390911435888655,0.8144573933682877,0.23397716934578616,16.14798170773837,62.916220492781356,482.2808868667709,8.988601975016179,26.41456301926441
0.205219415656169,3.148492336616593,1.0375739275518814,0.31732241047484877,16.196970835937776,62.72710695852891,480.9547765238173,7.922203572435611,26.91882204281606
0.1931997527842151,3.116126848580502,1.0439608709948023,0.2642824290986816,15.776572362154056,64.33858978280206,466.96688053135057,9.143335856562762,24.043731983100617
0.2186577451114476,3.2369164604558938,0.8213044754196027,0.3328276804316915,16.686262352675122,60.957997324208044,497.4282675267793,7.225983537797921,30.440585722047455
0.1902531832977268,3.393542301871226,1.1737893368511105,0.25896588408241444,15.65949807103399,64.806450649335,467.5406130545836,9.20026779644905,23.326931373410755
0.20963376129244324,3.206390463468249,1.1233090239991734,0.39483964913269737,16.326167217102114,62.24664605285188,486.4238024619766,6.945736190591794,27.938282963391742
0.1975461188399713,2.6231319178212553,0.8665728355561715,0.2592094857517281,15.960972760653092,63.61232049037602,464.8159231362175,9.30624618360174,25.16269878068073
0.19922898290585897,3.170575987408322,1.041503619899503,0.3413591624518012,15.95676819662149,63.63722658714409,474.190781304393,7.8774782211290235,25.36368753886053
0.20013001891877907,3.726767038578658,0.9603014750143066,0.43600845832948093,15.942490802636495,63.69813639312116,482.99476035918303,6.685408187884058,25.43282429928636
0.2062566734776501,2.5714212217918586,0.8393661252908331,0.3241236207621593,16.245536880549558,62.53635799815458,473.3327836392664,8.104448341272388,27.21736956657251
0.1977653721467415,3.357000247046046,1.0709856436860317,0.29635855436715636,15.922199164565235,63.773200776143696,475.5669693748504,8.369951039482203,25.06838518994534
0.19153206281931595,2.242576387657068,0.9330227571899469,0.34281993971617364,15.683415782130742,64.68892702089146,451.5412855163592,8.696664393175801,23.555525792797567
0.20214093744130204,2.3771306106440058,1.0259771388776773,0.3192658689864418,16.098842872790016,63.081377683106524,465.7950773716689,8.438167275286004,26.194710497666247
0.19116142563798869,3.076862552972764,1.0087313077669,0.24285148510846882,15.717528756539481,64.57283246753617,464.22849781303796,9.589645976168757,23.612327177435276
0.20357787360348284,3.280392263184117,1.1624576864762917,0.35269010260174516,16.114324268652975,63.037563807462355,480.8123137868564,7.533825981531602,26.431680470777142
0.1862233063204291,2.5310874800424386,1.077255290081299,0.32568929754561043,15.480101270717958,65.51516446983577,449.72228686469856,8.993053219102663,22.312674629221988
0.20515047686306048,4.92636574532736,1.085633576603975,0.35677828200902995,16.146309899200244,62.93918891638852,507.136268517357,6.71918691039625,26.74170555364811
0.20954001763493205,3.325695625652899,0.9527096133039482,0.33794846102466336,16.344743907706345,62.18442976095065,488.4531817050784,7.447154382474018,27.98937631320074
0.19227174785462428,2.8815906966299956,0.9271954678256344,0.3040937069693161,15.71901102058823,64.5601600914296,462.09041418961266,8.779242185501962,23.753954239530227
0.2231465856667351,2.0663674037041257,1.102939028556177,0.2193642064405174,16.951367926761392,60.023427580034095,484.80105336235493,9.111202033802279,32.060460129794045
0.1952806813421057,3.544475298483683,1.0096420028643194,0.2461127611035347,15.857789720780433,64.02837593205729,475.8350996971257,9.058780179577312,24.55356714343128
0.19284696290740033,3.3397988744673377,0.8904450052424295,0.31082292947909873,15.72507628158334,64.5437953857375,469.3881880573223,8.41375921505165,23.843407967012748
0.20045571839903814,2.6741998261970914,1.3215916133987988,0.33169595111590056,16.02011313558943,63.384170795415784,468.26479254822516,8.196520635795434,25.72288118977834
0.17974857413342393,3.093227157384714,0.9007320302847418,0.3426216667398112,15.198520699639404,66.69863969701184,449.84295164492625,8.77145438716798,20.760513768183603
0.192074792615673,2.9426317792665504,1.0757480918470685,0.34328775970850606,15.685861484212374,64.69248443253626,462.4409709932469,8.27359491404716,23.62964126950792
0.18799703592944225,2.832749382079526,0.9287582033258566,0.2673335383713144,15.583068422178261,65.10562048489315,456.71407115373034,9.530041162761666,22.825850130704563
0.21765454240281099,3.2024908554804776,0.8108674068497432,0.34589309735273877,16.644193521578313,61.10463074964589,495.69306297170397,7.143619033369232,30.14832948313994
0.22122156197012635,3.5162326302755735,0.772094505106898,0.27578829635668745,16.80333376140469,60.555235291855894,505.0284240741271,7.631374328460856,31.231178052955634
0.21266911149186624,2.6461652671906095,1.0665729142219342,0.33873170267146685,16.474682159285063,61.699601473118655,481.538308745598,7.658132861588374,28.860809637161722
0.19073069528421918,2.9702373219691,0.5138098989896391,0.24878061793328549,15.699367377614337,64.64055051430189,462.1144637849937,9.585863024506894,23.504710208502583
0.19747431848606842,2.3761084090175753,1.2448616955897454,0.22849293110196833,15.994523979843597,63.479083856248224,461.4250226536314,9.949883558074083,25.259413753453458
0.19559955513303018,3.0653702886430456,1.2161909933599173,0.22820689244102801,15.89975464314947,63.85650135521067,469.42424859948096,9.604499209883016,24.723998704594305
0.21163163752154962,3.0051165305097935,0.8527737023428074,0.32310517371316355,16.436482346931044,61.84533117178482,486.02058864480665,7.686445641196772,28.58698487936841
0.2019905969557347,2.6998915614206025,1.0104703127485029,0.28073432015691197,16.109675898500992,63.046904322905135,470.813913999257,8.753449794737719,26.210467266212223
0.2011351734525125,3.3310653372605232,1.2379025224218028,0.23810922505865753,16.091537088959353,63.12651560635739,479.65373974182006,9.028145378521849,26.040726113861076
0.2213303337465627,2.023956100238749,0.9772322357446626,0.3294158603242288,16.811189076639536,60.500031705096895,481.22944596102366,7.769513048317299,31.275755451813417
0.20280991867735035,2.688650240089703,0.9687816624464087,0.27534995326705836,16.144571713183044,62.9155051102971,471.6236097537158,8.796607589468195,26.43091829205268
0.1941063524305579,3.4248010485105125,1.0535523228947572,0.26535452023696726,15.80166906437097,64.24427398638245,472.5139229999671,8.906515236315492,24.233474001503563
0.20899599875433253,3.1536497604383045,1.121929317825844,0.3314814420961806,16.330977297376677,62.23192705140336,485.25327100660047,7.618630430263554,27.86970206868745
0.19171004989077928,2.7199094799015153,1.1120940407684892,0.33051851327167325,15.684817990007195,64.69269581031605,458.8532605200269,8.56420180343151,23.58163165361967
0.19979098406035853,3.058663691654391,1.1916497343682637,0.2704214305582085,16.024109261129265,63.37746555063534,473.742816742408,8.785087473917695,25.650373032722918
0.2054709738117004,2.898903673783053,0.967347819515917,0.3549388425993595,16.19246313842619,62.7397036717348,477.21673109233774,7.625785759684704,26.93681959753665
0.2082541634898803,3.4067548180003193,1.1958218210731493,0.30105019208163797,16.314046820009526,62.29695966787704,488.4571180291025,7.862879907188126,27.713227427093557
0.20681952971294965,2.844866621703272,1.0486249528732663,0.29349284728161573,16.278079231670173,62.42107765467875,478.3640822645966,8.303133779706988,27.40109173433589
0.2009699596499272,3.2975785127184567,0.8772668975149791,0.404619363784273,15.99255038202927,63.50068895168255,477.74509156653687,7.11553117065921,25.700206021018545
0.189939826185003,2.392905693606134,1.1737166310250102,0.33958313469814677,15.61960955307527,64.94699461739103,451.936827021166,8.722123415152923,23.170018877007873
0.20624119817052156,3.31417275463214,0.9981629840729628,0.2551372814257084,16.27007033113885,62.45891536393989,485.1266969587176,8.571600271073079,27.297588833358486
0.20075804558193727,2.6614191442439443,1.1462679600126626,0.29264713092489303,16.056134280991927,63.248548992875385,468.7298859724704,8.672043128590406,25.87765667123421
0.19174502803207488,2.839307079173503,1.0619397181413437,0.27181377235980125,15.723393082005025,64.54344402159393,461.15927688325667,9.271455330263125,23.70209090721906
0.1917777960443357,3.121843605745956,1.0367449856663085,0.2746528412314435,15.714024159831638,64.58512200784799,465.2735755778411,9.060915361166904,23.677898835313602
0.19528961694381677,3.116024968678818,0.7827873487754013,0.22962681128117224,15.88506905836732,63.916502349415566,469.78624879454014,9.565765570459604,24.639243657869308
0.19281555778747564,2.8932764241440765,1.0466361348397006,0.37376781084747757,15.699697548970608,64.63709676062399,462.3816282512062,7.930098602208206,23.762637847292705
0.2085765962320202,2.9200307350182864,0.9971475688145967,0.24987353176810956,16.371323170369557,62.0807370877074,481.8750763992052,8.766130230255786,27.951372849418362
0.1998148686400761,2.855670680539931,1.0484077840507133,0.25863845282238385,16.039691616632393,63.31534408142624,470.8694182026259,9.06727832813891,25.703356185158817
0.20519346514241174,3.766369456501289,0.9836859777314714,0.3200855861049471,16.181858404768345,62.79283356119677,490.1819071259058,7.588755295725003,26.86521516638663
0.20690143991711113,2.7993897640570817,1.0336138722715624,0.3006296200390897,16.277859696099963,62.421075716277834,477.7084857166803,8.236284425036208,27.41120446627221
0.20097676098548833,2.6134951080722666,1.0036765261388414,0.32489991456227246,16.045305508199828,63.288610114805344,467.99793412523053,8.287844030095387,25.87091733617914
0.21451143607795042,3.4796354130426033,1.3229773686267334,0.2616326218555975,16.567545013091816,61.38124692092269,497.0137109630167,8.06703756095057,29.43993000497247
0.2087232063672068,3.091671002869176,1.3284704399826508,0.2595850857322424,16.364975164263072,62.10597632144651,484.55581946223214,8.529750714812291,27.94933268203611
0.19160278157819224,2.700303677277989,0.6814156413535291,0.2737122489159619,15.720811421797565,64.55099924346396,458.9501085167566,9.33608969409175,23.6767304716389
0.19240867338446302,3.075196893238104,1.0512633963665738,0.3938085419607943,15.670682368329564,64.75596478564673,464.4463112716711,7.648571507431436,23.624926465280126
0.20950423838186052,2.7115481721687984,0.8652377992977462,0.3245959585753253,16.363148478094264,62.10625137666936,479.1138282825669,7.89859893214765,28.047655214108673
0.18679766792979358,3.915729382927177,1.176916018108193,0.2765412173947647,15.498366193810911,65.46500539067942,470.63160834912634,8.823855832138362,22.434339645995525
0.18286865470909125,3.676936187082706,0.9828190232121073,0.3618908155986731,15.298267707625211,66.28733267005505,461.7537612697683,8.0869781771834,21.399015200570137
0.18405572341205634,2.700312488523114,1.0007865549577275,0.30234902968823707,15.406768892464292,65.82061634860565,449.8036752467904,9.311457172626449,21.844518041073375
0.19549934528520757,3.3114249661737496,0.8398569355926109,0.2928810257489353,15.838967586520575,64.09576404399475,472.2604032123004,8.537409939696817,24.5227432836221
0.20120295631711899,3.2572194170293747,1.1067422317133335,0.24376789540810653,16.091710374213474,63.12489836842719,478.57996506248276,8.984452005527755,26.0500629214404
0.18465885829264378,3.6388384109492544,1.0498471017969389,0.2625756731721723,15.432624628268414,65.73201613213833,464.23760111843274,9.284100897109631,21.989721858448327
0.21551151975522523,3.0578373171464293,1.176894577609574,0.30337592407050545,16.589130736626643,61.29749850776474,491.3218345811174,7.739991085841429,29.65430522786359
0.22060747924881988,3.877670421221602,0.962655377728139,0.3485785475477178,16.740483351194264,60.77685086387204,509.50817243561454,6.728730576369487,30.911937252817854
0.20645375949585149,3.6843157787661744,0.8552614809129844,0.33430257299992194,16.22397675398917,62.63535676485844,490.3345045501871,7.428473913845344,27.171113138828172
0.2105842448684959,2.1206302567884427,0.8225112231001337,0.19803839111199495,16.518918221195285,61.53572590779909,472.4729797887168,9.989535841831072,28.7315520255361
0.19730593165555443,3.358771127897981,1.2253535578144041,0.30370473902098877,15.900123104493385,63.8581619490043,474.9942656544966,8.297589267505938,24.94084249143887
0.21628615545571292,2.309949270892554,0.7444926340967268,0.29722261505516906,16.638956168386056,61.10871354898775,480.5669509875597,8.175317649402391,29.939936900989427
0.2038406544893931,2.9836526259529537,0.6898836849940185,0.29554399802436054,16.16178699705046,62.8558162778032,477.05877715125547,8.324602967163209,26.621931820377878
0.18695530499495147,3.3348362744150193,1.0549897369145271,0.2530060106836322,15.538754181183045,65.29391385640352,462.81399555289045,9.490420916144586,22.570448551673454
0.19486133082663307,2.4703932390555243,0.9905981354090242,0.3477571160250619,15.80253588650974,64.22283646709403,458.697766029888,8.358874779420708,24.330399450607494
0.19014273953664457,3.252023257758922,0.9204613572441339,0.26035635838688276,15.65832373411796,64.81070646644913,465.35972665919616,9.269013175942655,23.309893366629847
0.19892969640045444,2.482378838790313,0.9169526041979227,0.24010610537055757,16.0341893110271,63.33127188740174,464.50893436205007,9.619064519350497,25.571937712817455
0.2196472513291639,3.017631775985864,0.8950411738011121,0.3106989955367111,16.737508241523305,60.775833544821296,495.2430241773741,7.53094809786223,30.766449790911356
0.19887671950309171,2.8895152002333884,1.0921250050065139,0.33787538550236523,15.951467136881,63.652412642008194,469.6253996597861,8.075839060395559,25.30202141168357
0.19469498852389475,2.71209087967766,0.9587422454272534,0.18490394176322072,15.924787314058785,63.7553941042074,463.8086555419932,10.646969277011532,24.68721269236499
0.1848480893780145,3.6834371337222622,1.2467451570251926,0.28754819802218107,15.420415546044671,65.78082945327527,464.85803243099303,8.89764728359528,21.977441090351814
0.20576556963055767,3.155625077271768,1.4618321212682857,0.3559787455717288,16.197903371434812,62.7201248050523,481.43592213660526,7.47877238074846,26.993569592848687
0.19872082408519234,2.5222297796997872,0.7590330519613642,0.3101731817933611,15.971334179939483,63.56945681262158,464.17895873998623,8.616154804189199,25.345203204092407
0.19243649254715697,2.288873145201163,0.903014067363621,0.24592259981928025,15.791084930821654,64.26796395272603,454.2059913278066,9.984715687316429,23.992824409646783
0.21687141635072565,3.4408198784747253,0.9988041038025074,0.3739972069445013,16.59982198825389,61.26318834390369,498.36295266027156,6.796674862081921,29.87990289429131
0.2007736830764762,2.569357899335868,1.2284686115904486,0.3269455021842329,16.037535362145206,63.316662701870655,467.08801815947436,8.296207970359795,25.81975067560849
0.18962753845673544,2.9048306609581958,0.8686572619922864,0.2308600134517832,15.6758701600917,64.73547972952939,460.087394141902,9.97280439659743,23.298862972660068
0.20926177547531644,3.9547083202350652,0.7902148639271288,0.3281484618345285,16.327530977614767,62.25659644444774,497.71928513589313,7.268718768285407,27.893367122971178
0.19349357430878175,2.756437308117652,0.9111409113641696,0.2568004615160092,15.805014036800117,64.22129616397903,462.14120707210304,9.45737232575827,24.167199283145322
0.2004852162794483,2.584524941794481,1.0405685238669757,0.29748809452754316,16.044723136716147,63.29048110707871,467.2256153317594,8.665205140898351,25.805769428715713
0.1976105195313359,2.546218168979201,0.9134843004147501,0.33776956129128777,15.911582441453515,63.79984340900442,463.05275279161435,8.315023982135596,25.015363091517408
0.20500917187624382,2.5112223776007245,1.0148998458143839,0.33756935616858946,16.192705092173917,62.731438924360596,470.91788758000456,8.032003953776822,26.87708151565209
0.1833059471887863,3.2716800961899675,0.900606436158123,0.32852993342965797,15.343595961267923,66.09196115767588,456.80452505944237,8.67176803836102,21.57748718937104
0.19236740843457484,2.0975589496677403,0.7558686343175256,0.3024042473330691,15.747467891519126,64.43248509119462,450.70777593141224,9.268733896824202,23.851898995534864
0.20259722501721483,2.5478416874477956,1.095788868816606,0.216923996886552,16.190364022248357,62.744790204403316,469.89893288305285,9.771656455727777,26.553191270428975
0.19933920201352684,2.394491900118772,0.9022245838296761,0.3023699335658207,16.003541257786843,63.44379644078281,463.03550165205957,8.762761247751724,25.52671369166039
0.1913958663471605,2.8077222278850873,1.1509439213821662,0.27115540652384257,15.711512177855589,64.58911820075313,460.29858500759576,9.317415106372616,23.62318934791689
0.20835692112065143,2.435146572671191,1.0794706266872924,0.372078431032895,16.302541752035356,62.321121935507044,473.27450192023804,7.573709147171421,27.687808202860165
0.1752835549987271,2.6015523722647615,1.086560819077081,0.28984773069785036,15.074366191272322,67.22405927951426,438.0387683603672,10.037181054314411,19.915412181012517
0.2037114587337131,2.69800740664209,1.012988468120935,0.292216138230396,16.166489461686183,62.833286629987626,472.6360778046912,8.529480951067566,26.62054300814407
0.2116778206165981,3.1272104216506067,1.0506403993112803,0.2794061516938766,16.46028010286708,61.76091649480085,488.26751340262365,8.134872181803006,28.67608125953871
0.19512393775927508,2.7837209060901897,1.0591678213567446,0.2789507759589868,15.848755586837042,64.04891688738807,464.2045410848246,9.041205165519138,24.505913263420297
0.20289774856896414,4.03770039932272,1.1306687055147537,0.28369882339160796,16.109439120819093,63.06875798588511,491.766065261761,7.965454052721775,26.327406081510038
0.21201213922163947,2.795962313489224,0.694281319723322,0.24959568445412977,16.50158355493393,61.607113237819696,483.8268787986356,8.696109840028035,28.865692309711832
0.18129208078974146,2.8242432579793455,1.0027627568784327,0.38382186561376413,15.243360156957843,66.50347791438406,447.60868704235605,8.366177297505603,21.06251656353209
0.20326927373764164,2.890449735595568,1.1244108371775234,0.1894432345496057,16.230822008452503,62.60042516749549,476.13922686164784,9.987931441945092,26.774586362199727
0.20235614558108567,3.3854325969434833,0.7782120631330238,0.35718770216034645,16.063854184516767,63.23202148568982,480.93773405659107,7.482897070877991,26.10873976001878
0.20338496407494416,2.7923560430495993,1.0949172799159428,0.4135346428902198,16.09011071715962,63.11850938881359,472.8915372658395,7.1808771811257905,26.327335778138867
0.20181866255058498,3.124110293150168,0.9310958650689634,0.2575077815267604,16.108081368181786,63.060763689488255,477.176812919283,8.836489047324594,26.18297298188704
0.20830335816544246,2.5719580870455663,1.010734935582909,0.2761171276617442,16.35203440913766,62.144706819216175,476.0192053368212,8.61739101783725,27.849016371729302
0.20478979825746393,3.166831052643474,1.1556309916386849,0.27449918005726265,16.206343616864842,62.69250705287201,481.0749020528658,8.454370224433536,26.89356699775736
0.1973012506470663,2.5106181421088465,0.9333560109885832,0.3188650246522426,15.912141091772344,63.797123308163506,462.3146698010574,8.576352110114057,24.977966825942666
0.20756988616645353,2.538917337911187,1.130440888015849,0.36778189294024755,16.272841359772173,62.43290931556171,474.0164907382875,7.594365783532289,27.4828098301726
0.204134349032237,3.938397906279033,0.883931620134464,0.23776726483442914,16.188043557350813,62.77361440752788,492.151546365389,8.564421237734795,26.746984196859987
0.18221279751095723,3.7480221557445916,1.0981548484531087,0.29722076645447726,15.308444357472851,66.24703914111986,462.43756689465437,8.861701343596334,21.35064503218389
0.20279968626319822,2.4372554763508116,1.366862796942524,0.30646105909876137,16.130074712963605,62.963881036661,467.5488145999737,8.5347936504804,26.38214124501055
0.20109394794604893,3.362883311949346,1.0721513847605069,0.3111942012139566,16.03983692351567,63.32220891826227,479.43557633251936,8.048012954807788,25.868360330759444
0.1920952554455469,3.235734178567998,1.282303674471255,0.3672710023077489,15.667571265109567,64.76885498258154,466.5795758333513,7.8544897969386325,23.577079087299012
0.215931866266394,2.7443921617844076,0.8515592769612128,0.29371065399501756,16.61722504584018,61.1936812527353,486.9935536923438,7.998202057624403,29.81286721040769
0.20055724912288694,3.547095759235474,0.746130305542777,0.3764775159730307,15.983832612300514,63.539266746754635,481.12561886788467,7.281682939831316,25.61947431015996
0.1984199210142101,2.78655946502629,0.8481843437109748,0.2172571664067115,16.025828468336375,63.369670267602906,468.71374519814606,9.81911238073049,25.47981419610903
0.20823170583961917,3.0366589835942017,0.8065058650388419,0.2352460613968192,16.36657447027391,62.100455170973916,483.40190357291084,8.924426009180742,27.88896794321373
0.19664215300709872,3.8345107626446966,0.9610612972954593,0.22484285234409468,15.918554450612742,63.79812253993976,481.88962135468466,9.147447358332325,24.91459773477706
0.19754256935914058,2.863638215126165,0.5954670035587643,0.2972852566741094,15.925706836808772,63.75139745689733,468.01497347820685,8.6386636998395,25.051177046035495
0.19769065469791322,3.3481031824067093,1.2773434142418019,0.3563282514773879,15.886746436119678,63.90822121549759,474.92024761867066,7.688779528955914,24.947444889001744
0.1973111130944517,2.446737045629165,1.386003970487479,0.3029609217007244,15.924762503742553,63.746359095520155,461.5082571268839,8.815568345714643,25.018857827580884
0.20013929291912946,2.9879374564449983,1.0297127141151783,0.29278197940380285,16.023885418929854,63.377006970194856,472.89600393851777,8.51357571790495,25.694373158397713
0.19426337993119766,2.7265705293798037,0.9950870094676002,0.27282876144331175,15.822346858968675,64.15129843543214,462.428834664309,9.202774180452142,24.316594175234755
0.19287154217322836,3.0532151138459485,0.9617534173868717,0.3751996494291344,15.697726919964602,64.64791961258678,464.7833592148241,7.830926799244288,23.76357063791783
0.1734903019160699,3.545753425961231,1.1869127788746443,0.1963304883795925,15.06337248659971,67.28655682969048,450.0290064566693,11.118999536473908,19.682925017835114
0.19657312405919652,2.8142795670021044,0.7888732457923269,0.2611091656204562,15.916600880044387,63.786773055938994,466.50493247101446,9.208204366635986,24.899739094373597
0.18889424154534173,3.8761352217118112,1.1403517589721193,0.36357775474970794,15.531598319125528,65.3273699149182,471.98535301031455,7.711446449380446,22.783530544860653
0.20721672064043237,2.4354741143913854,0.9213219600580339,0.3244687280613959,16.284600408870524,62.389289034711844,472.3262220742234,8.135567819111209,27.475715663731457
0.18777872191108055,3.356499215086194,0.9639511902762797,0.2812589596225201,15.548034695441089,65.25510915869323,463.8265834743988,9.026116767578374,22.696943956110754
0.20710959968203493,3.22213165574302,0.945855075127138,0.3579664901682124,16.246335714582113,62.54490261142544,483.9739639908177,7.3779628563025375,27.33260845729988
0.18918936672400105,3.307967803472132,1.0889651886952576,0.2845226780343005,15.60175401789927,65.03629882709748,464.7918867185686,8.940875321665535,23.025739161959574
0.20326133022242118,2.3744432118073484,1.138604052881035,0.2907548931778505,16.159698548286148,62.852759658464095,467.2511170913758,8.753652777670968,26.539410848723747
0.19477276979480962,3.5245046129184447,0.8943484464185861,0.22957693518182198,15.852652105010158,64.04919147863738,475.12028987814165,9.344541726931721,24.473839206613146
0.18443370826476096,3.30300497567282,0.8079355971255575,0.38773970909921823,15.35551576766146,66.04241591304122,458.2047193556411,7.930244980698396,21.743983973359324
0.17918070592116278,3.848228184145019,1.0316526200803928,0.2951643444064804,15.187061707741908,66.76119101088238,460.0829863557414,8.985348616066924,20.66373210181331
0.1945508091319105,3.1995680571760357,0.9943547946362727,0.3551650941008261,15.769486287865409,64.36627443784337,469.03907872161926,7.901434397481569,24.19012638298415
0.20114227648662042,3.0751508807309387,0.9454581681679216,0.2971527188139466,16.056809960656388,63.25317233886411,475.3164930307277,8.367847082859152,25.929366127742416
0.20307801768892061,2.144915803671687,0.7977721866841431,0.33716320470113575,16.12960086366453,62.96056147647624,463.1827108894115,8.315693874317608,26.41679713609165
0.20170865438127944,2.9080083318236603,1.002765089959809,0.31737908526808356,16.070117230354825,63.19977048640973,473.31100614893376,8.187612751570382,26.04549563858046
0.1946024031969064,2.6108476372988436,1.0293767882646523,0.2510813611192484,15.856900018969933,64.0161860538659,461.3496748150221,9.580815079728765,24.465538501440488
0.20408252755714473,2.1487081978810796,1.1543733455988465,0.32362987412065214,16.17536177924113,62.78932385077175,464.4616011059194,8.433045744716958,26.69831387742834
0.20256029734313877,3.491345491972757,1.2498211666693866,0.35071850325090653,16.072600441659922,63.197792016484975,482.79692146459786,7.4915875201413655,26.163547362571226
0.18159125768668355,2.360211516632149,0.9062772133456481,0.30130455251054167,15.32217755090897,66.16611331830576,442.04731439742255,9.67132619200214,21.316010328439898
0.20517659020469123,2.637128093423267,1.0280150146715616,0.2622308533823339,16.244137554628043,62.54338184215907,473.6410229270782,8.903810070110959,27.07017910728014
0.19388482197008053,2.2966694515758888,0.8615150130833644,0.23241576971918332,15.85878655556156,64.00358385299981,456.13684648700547,10.125674328788351,24.3811240671968
0.19024126747022668,3.52682089830392,0.8575901666752086,0.43161910324186953,15.562342155515784,65.19790382144376,468.2253611167341,7.163851150633851,23.036932730996313
0.2049331790088089,3.092418061847437,0.871246332972818,0.33501549397044955,16.178029037599458,62.79742770326882,479.6586351571266,7.763231347184225,26.818439429970592
0.19424362173762227,3.0610049073226806,1.3840126807403192,0.2951970050137675,15.795840562110866,64.25969851177182,467.09980858939,8.702639389650537,24.232725025963386
0.21149273326285678,2.6484117874370563,0.9947517264254557,0.3885400317817755,16.408122679145997,61.93774357455449,479.96946241964315,7.196814542890518,28.469723102983597
0.19373032942212234,3.9062242789984642,1.1061627903183213,0.2718766612052866,15.77032269546,64.37450808222087,478.9742241837868,8.570126570551,24.09066460676608
0.20632407739055522,3.486277224813365,1.0932714943325794,0.22148876400547718,16.29417304482099,62.37333805729686,488.13685258467433,8.95491528508732,27.38952903288468
0.19272862824175133,2.8762406822242474,0.9888349856349931,0.33103360487753386,15.719818835193053,64.55649830544968,462.3286161929141,8.425310566045027,23.812846251875808
0.20177701000933254,2.3323278206449496,1.0570296776508945,0.3305292872641912,16.079495901538493,63.15349669350967,464.6208673482357,8.343045015740715,26.084741981152415
0.20559790447931042,3.540390362777311,1.1250883231823356,0.32295900396142185,16.20003092895274,62.72123685054427,487.24945203430104,7.65012102203537,26.97866004050496
0.19929834288541354,2.1695195332420045,1.0644427328698878,0.3103843843581555,16.00316775549075,63.44071922075505,459.5421735273489,8.793693892677801,25.52029014399953
0.20271578837195375,2.3616257120898454,0.8378415189387607,0.3526576426666452,16.101762910194612,63.069392351033756,465.9611847437569,8.034733395241892,26.278733719604308
0.19960444846143346,3.340750348686312,1.004247756419569,0.3014878069747873,15.989450466017065,63.51424274071917,477.4415690795302,8.237261847659521,25.515688767724193
