millis,ax_ms2,ay_ms2,az_ms2,gx_rads,gy_rads,gz_rads,pressao_Pa,altura_m,vz_ms,mag_giroscopia_rads
2591,-1.39,6.41,6.77,-0.1819,0.0823,0.1160,92457.42,765.92,0.00,0.2309
2650,-1.36,7.04,6.50,-0.3106,-0.3078,-0.5668,92457.42,765.92,0.00,0.7158
2706,-0.63,7.33,6.58,-0.1255,-0.0881,-0.0999,92457.42,765.92,0.00,0.1830
2765,-1.70,6.53,7.01,-0.5121,-0.1242,-0.6022,92457.42,765.92,0.00,0.8002
2821,-0.58,6.65,6.51,-0.0377,-0.0855,0.1535,92457.42,765.92,0.00,0.1797
2880,-0.86,6.32,6.75,-0.4041,0.0013,-0.8159,92457.42,765.92,0.00,0.9105
2940,-1.36,6.35,6.56,-0.1475,0.1334,-0.4554,92457.77,765.89,-0.15,0.4969
2997,-1.75,6.49,7.11,-0.0652,0.0685,0.1560,92457.77,765.89,-0.11,0.1824
3054,-1.17,5.68,7.08,-0.1422,0.0773,-0.4262,92457.77,765.89,-0.08,0.4559
3111,-2.22,6.23,7.21,0.1107,0.2334,0.1403,92457.77,765.89,-0.05,0.2940
3168,-1.76,6.08,7.48,0.1553,0.4317,0.1788,92457.77,765.89,-0.04,0.4924
3225,-4.38,6.98,8.53,1.0340,0.6281,1.2271,92457.77,765.89,-0.03,1.7232
3282,-2.18,7.35,8.37,0.9006,1.4168,2.3274,92457.77,765.89,-0.02,2.8697
3342,-2.51,7.32,6.28,0.6295,1.3177,2.5263,92457.77,765.89,-0.01,2.9180
3401,-0.59,7.99,2.19,1.1910,1.3422,4.1386,92457.77,765.89,-0.01,4.5108
3457,0.10,9.05,4.21,-0.7321,-0.0478,1.0753,92457.59,765.90,0.08,1.3018
3516,2.71,7.99,5.25,-0.8384,0.2719,0.9065,92457.59,765.90,0.05,1.2644
3572,1.46,6.96,6.23,-0.6849,0.6909,0.6411,92457.59,765.90,0.04,1.1651
3631,1.67,7.29,6.27,-0.9156,0.4390,0.5408,92457.59,765.90,0.03,1.1504
3687,1.26,5.97,7.26,-0.7530,0.3793,0.5697,92457.59,765.90,0.02,1.0176
3749,1.29,6.43,7.43,-0.7171,0.1503,0.5670,92457.59,765.90,0.01,0.9264
3806,1.74,5.88,7.31,-0.8419,0.0987,0.6462,92457.59,765.90,0.01,1.0659
3863,1.64,5.59,7.52,-1.1606,0.1925,0.2561,92457.59,765.90,0.01,1.2040
3920,1.54,4.58,7.63,-0.6624,0.1545,0.7811,92457.59,765.90,0.00,1.0358
3977,2.46,3.86,7.36,-0.3289,0.1328,0.8158,92457.59,765.90,0.00,0.8896
4034,1.63,3.71,7.86,-0.1334,0.0533,0.3265,92457.59,765.90,0.00,0.3567
4091,2.04,3.54,7.91,-0.1951,0.0869,0.2649,92457.59,765.90,0.00,0.3402
4148,2.43,3.69,8.44,-0.2410,0.1943,0.5472,92457.59,765.90,0.00,0.6287
4208,2.29,3.33,8.77,0.1240,-0.0060,0.1240,92457.59,765.90,0.00,0.1755
4267,2.30,4.26,8.39,0.2810,-0.0085,0.1236,92457.59,765.90,0.00,0.3071
4323,2.41,4.10,8.26,-0.0586,0.0803,-0.0364,92457.59,765.90,0.00,0.1059
4382,2.10,3.98,8.49,0.1443,0.0649,0.0500,92457.59,765.90,0.00,0.1659
4438,2.16,4.01,8.32,0.0767,0.0043,-0.1035,92457.94,765.87,-0.17,0.1289
4497,2.02,4.37,8.38,0.1131,-0.0061,0.0593,92457.94,765.87,-0.12,0.1279
4553,2.21,4.13,8.36,0.1216,-0.0165,0.1319,92457.94,765.87,-0.08,0.1802
4620,2.28,4.56,8.22,0.1629,0.0422,0.6078,92457.94,765.87,-0.06,0.6307
4677,2.56,4.27,8.30,0.0088,0.1268,0.7065,92457.94,765.87,-0.04,0.7179
4734,2.82,4.31,8.37,-0.0620,0.0891,0.5788,92457.94,765.87,-0.03,0.5888
4791,2.97,3.86,8.31,0.0369,0.0927,0.2213,92457.94,765.87,-0.02,0.2428
4848,2.35,3.79,8.55,-0.0203,0.1234,0.2549,92457.94,765.87,-0.01,0.2839
4905,2.95,4.18,8.39,0.0870,0.0580,0.1953,92457.94,765.87,-0.01,0.2215
4962,2.82,3.81,8.43,-0.0072,0.0541,0.0621,92457.94,765.87,-0.01,0.0827
5024,2.97,3.33,8.51,0.0294,0.0358,0.0666,92457.94,765.87,-0.00,0.0812
5080,3.10,2.27,8.96,-0.0517,-0.1132,-1.0840,92457.94,765.87,-0.00,1.0911
5139,3.33,0.23,9.32,0.5064,-0.5662,-3.3257,92457.94,765.87,-0.00,3.4114
5195,-0.31,1.94,8.69,0.8146,-0.6769,-4.3657,92457.94,765.87,-0.00,4.4924
5254,-0.70,7.03,7.07,0.4866,-0.9505,-4.1406,92457.94,765.87,-0.00,4.2760
5310,-0.26,9.56,4.99,-1.6136,-1.7706,-4.0783,92457.94,765.87,-0.00,4.7299
5369,-3.16,7.46,6.85,-1.3768,-1.8746,-3.1461,92457.94,765.87,-0.00,3.9125
5429,0.83,2.43,8.27,-0.8541,-0.1087,-0.8824,92457.94,765.87,-0.00,1.2329
5486,-1.43,3.61,10.57,-1.4759,-0.6049,-0.6351,92458.62,765.81,-0.32,1.7169
5544,0.24,3.27,9.76,-2.5203,-0.5301,-1.4682,92458.62,765.81,-0.23,2.9646
5601,-1.81,-0.81,10.58,-1.4771,-0.9775,-0.4535,92458.62,765.81,-0.16,1.8284
5658,1.54,0.44,7.01,-1.2749,-0.2835,-0.1768,92458.62,765.81,-0.11,1.3179
5715,1.08,-1.84,6.47,-2.5949,0.7878,-0.7228,92458.62,765.81,-0.08,2.8066
5772,1.29,-0.82,9.62,-0.0381,1.1727,-0.0308,92458.62,765.81,-0.05,1.1737
5847,-2.63,-0.04,9.41,0.6054,2.1016,-0.5033,92458.62,765.81,-0.04,2.2442
5908,-3.14,2.23,10.15,0.1067,0.9458,-0.3667,92458.62,765.81,-0.03,1.0200
5968,-5.42,0.68,10.62,0.3170,0.2244,-1.4994,92458.93,765.78,-0.16,1.5489
6029,-4.91,1.41,9.65,0.2948,0.4862,0.3788,92458.93,765.78,-0.11,0.6832
6089,-1.59,-1.35,9.52,0.1907,0.2729,-0.8619,92458.93,765.78,-0.08,0.9239
6150,-3.36,-0.63,8.96,-0.1982,-0.1454,-0.3956,92458.93,765.78,-0.05,0.4657
6210,-4.41,-1.30,9.11,0.5894,0.0276,-0.1374,92458.93,765.78,-0.04,0.6058
6275,-3.53,0.15,8.36,-0.0606,-0.3412,-0.0735,92458.93,765.78,-0.03,0.3543
6334,-3.61,-0.68,8.65,-0.2960,-0.7901,-0.3428,92458.93,765.78,-0.02,0.9107
6396,-3.02,-1.58,8.98,0.0608,-0.2623,0.4976,92458.93,765.78,-0.01,0.5658
6455,-1.83,0.66,9.43,-0.3258,-0.3399,1.1185,92458.93,765.75,-0.16,1.2135
6517,-2.22,-0.12,9.56,-0.0482,-0.4002,0.0261,92459.27,765.75,-0.11,0.4040
6576,-3.51,-1.38,12.53,0.2603,-0.4473,-0.3649,92459.27,765.75,-0.08,0.6332
6646,-0.75,-1.34,9.43,0.4443,-0.0885,0.1059,92459.27,765.75,-0.06,0.4653
6707,-2.24,-0.54,9.48,0.0079,-0.5024,-0.4870,92459.27,765.75,-0.04,0.6997
6767,-0.79,0.36,8.58,-0.0032,0.0123,0.1195,92459.27,765.75,-0.03,0.1202
6828,-1.84,-0.30,9.23,-0.4967,-0.2301,-0.4242,92459.27,765.75,-0.02,0.6925
6888,-0.97,-1.09,9.08,-0.1359,0.0576,-0.3427,92459.27,765.75,-0.01,0.3731
6949,-2.10,-0.77,8.82,-0.0454,-0.0262,-0.1428,92459.27,765.75,-0.01,0.1522
7009,-0.78,-0.62,9.35,-0.1515,0.0512,-0.1900,92459.10,765.77,0.07,0.2483
7074,-2.04,-1.47,9.69,0.0694,0.0438,-0.0797,92459.10,765.77,0.05,0.1144
7133,-1.04,-1.36,9.63,-0.0133,0.0454,-0.2773,92459.10,765.77,0.03,0.2813
7195,-1.81,-1.13,9.51,0.1294,0.0023,-0.1034,92459.10,765.77,0.02,0.1656
7254,-1.51,-1.01,9.22,-0.0120,0.0059,-0.0269,92459.10,765.77,0.02,0.0300
7316,-1.55,-1.29,10.00,0.0505,-0.0614,-0.1616,92459.10,765.77,0.01,0.1801
7375,-1.41,-0.88,9.34,-0.0843,-0.0246,-0.0197,92459.10,765.77,0.01,0.0900
7437,-1.43,-0.91,9.59,0.0061,-0.1228,-0.1525,92459.10,765.77,0.01,0.1960
7501,-1.70,-1.30,9.35,-0.0238,-0.1118,-0.0453,92459.27,765.75,-0.06,0.1229
7561,-0.68,-1.36,9.32,0.0159,-0.1014,-0.0787,92459.27,765.75,-0.05,0.1293
7622,-1.73,-1.19,9.57,0.0734,-0.0410,0.0201,92459.27,765.75,-0.03,0.0865
7682,-0.85,-1.22,9.60,0.0073,-0.0759,-0.1203,92459.27,765.75,-0.02,0.1425
7743,-1.58,-1.21,9.62,0.1122,-0.0608,-0.0076,92459.27,765.75,-0.02,0.1278
7803,-0.78,-1.01,9.53,0.0317,-0.1415,-0.1322,92459.27,765.75,-0.01,0.1962
7864,-0.97,-1.39,9.60,0.0731,-0.0671,-0.0308,92459.27,765.75,-0.01,0.1040
7927,-0.89,-0.95,9.56,0.1054,-0.0448,0.0021,92459.27,765.75,-0.01,0.1145
7989,-0.58,-0.83,9.27,-0.0145,-0.0337,-0.1360,92459.44,765.74,-0.08,0.1409
8048,-1.04,-1.13,9.81,0.0309,0.0005,-0.0468,92459.44,765.74,-0.05,0.0561
8110,-0.75,-0.98,9.60,0.0254,-0.0580,-0.0302,92459.44,765.74,-0.04,0.0702
8169,-0.75,-0.93,9.57,-0.0152,-0.0297,-0.0442,92459.44,765.74,-0.03,0.0554
8231,-0.73,-1.07,9.52,0.0297,-0.0249,0.0037,92459.44,765.74,-0.02,0.0390
8290,-0.83,-1.18,9.61,0.0770,-0.0386,0.0116,92459.44,765.74,-0.01,0.0869
8355,-0.59,-1.00,9.52,-0.0149,-0.0336,-0.0253,92459.44,765.74,-0.01,0.0446
8416,-0.54,-0.89,9.29,-0.0538,-0.0266,0.0514,92459.44,765.74,-0.01,0.0791
8476,-0.66,-1.30,10.07,0.0602,-0.0843,-0.0312,92459.44,765.74,-0.00,0.1082
8537,-0.71,-0.94,9.73,0.0139,-0.1119,0.0521,92459.41,765.74,0.01,0.1242
8597,-0.50,-0.87,9.65,0.0557,-0.1248,0.0826,92459.41,765.74,0.01,0.1597
8663,-0.35,-1.11,9.59,-0.0208,-0.1616,-0.1043,92459.41,765.74,0.00,0.1935
8723,-0.60,-0.85,9.64,0.1025,-0.0658,0.1286,92459.41,765.74,0.00,0.1771
8788,0.34,-0.61,9.23,-0.0260,-0.0751,0.0686,92459.41,765.74,0.00,0.1050
8847,-0.38,-1.39,9.90,0.1535,-0.0277,0.0476,92459.41,765.74,0.00,0.1631
8909,0.23,-1.06,9.58,0.0634,-0.0550,0.0698,92459.41,765.74,0.00,0.1092
8968,-0.06,-1.07,9.98,-0.0771,-0.1011,0.0168,92459.41,765.74,0.00,0.1283
9030,0.21,-1.24,9.04,0.0055,0.0580,0.0770,92459.41,765.74,0.00,0.0965
9089,0.05,-1.15,9.34,-0.1840,-0.0305,-0.0725,92459.41,765.74,0.00,0.2001
9151,-0.48,-1.19,9.20,-0.0650,0.0297,-0.0292,92459.41,765.74,0.00,0.0772
9225,0.05,-1.23,9.50,-0.0089,-0.0390,0.0418,92459.41,765.74,0.00,0.0579
9287,-0.17,-1.42,10.12,0.0663,-0.0342,-0.0422,92459.41,765.74,0.00,0.0858
9346,-0.09,-0.87,9.91,0.0711,-0.0918,0.1298,92459.41,765.74,0.00,0.1741
9408,0.21,-0.91,9.41,-0.0119,-0.0314,-0.0265,92459.41,765.74,0.00,0.0428
9467,0.04,-1.25,9.53,-0.0412,-0.0460,-0.0005,92459.41,765.74,0.00,0.0617
9529,0.15,-1.19,9.54,0.0103,-0.0233,0.0394,92459.55,765.73,-0.07,0.0469
9588,0.30,-1.32,9.68,-0.0085,-0.0512,-0.0697,92459.55,765.73,-0.05,0.0869
9653,0.17,-1.34,9.79,0.0141,-0.0221,-0.0634,92459.55,765.73,-0.03,0.0686
9714,-0.00,-1.23,9.73,0.0261,-0.0157,-0.0382,92459.55,765.73,-0.02,0.0489
9774,0.45,-1.30,9.43,-0.0909,-0.0518,-0.1244,92459.55,765.73,-0.02,0.1626
9835,-0.21,-1.37,9.84,0.0945,-0.0386,-0.0045,92459.55,765.73,-0.01,0.1022
9895,0.67,-1.05,9.49,-0.0438,-0.1025,-0.0653,92459.55,765.73,-0.01,0.1292
9956,0.24,-1.13,9.42,0.1010,0.0075,0.0370,92459.55,765.73,-0.01,0.1078
10016,0.51,-1.22,9.56,-0.0396,-0.0224,-0.0360,92459.55,765.73,-0.00,0.0580
10081,0.56,-1.31,9.46,-0.0249,0.0252,0.0037,92459.55,765.73,-0.00,0.0356
10140,0.31,-1.38,10.00,0.0332,0.0024,-0.0418,92459.55,765.73,-0.00,0.0534
10202,0.57,-1.19,9.61,-0.0091,-0.0244,0.0032,92459.55,765.73,-0.00,0.0262
10261,0.25,-1.21,9.62,0.0095,-0.0386,-0.0137,92459.55,765.73,-0.00,0.0421
10323,0.80,-1.31,9.39,0.0049,-0.0242,-0.0705,92459.55,765.73,-0.00,0.0747
10382,0.26,-1.28,9.73,0.1312,-0.0104,-0.0196,92459.55,765.73,-0.00,0.1331
10447,0.70,-1.02,9.26,0.0753,0.0187,0.0063,92459.55,765.73,-0.00,0.0778
10508,0.58,-1.23,9.31,-0.0157,0.0505,-0.0918,92459.55,765.76,0.15,0.1059
10569,0.25,-1.27,10.10,0.1100,0.0464,0.0155,92459.55,765.73,-0.04,0.1204
10630,0.59,-1.04,9.95,0.0073,-0.0272,-0.0926,92459.55,765.73,-0.03,0.0968
10695,0.12,-0.85,8.83,0.0786,-0.0329,0.0723,92459.55,765.73,-0.02,0.1118
10756,1.60,-1.38,9.92,-0.1896,-0.1428,-0.1047,92459.55,765.73,-0.02,0.2594
10817,0.19,-1.39,9.77,0.1037,0.0625,0.1620,92459.55,765.73,-0.01,0.2022
10882,0.69,-0.80,9.11,-0.1644,-0.0107,-0.0710,92459.55,765.73,-0.01,0.1794
10941,0.36,-1.04,9.71,-0.0080,0.0354,-0.0325,92459.55,765.73,-0.01,0.0488
11003,0.55,-1.16,9.45,-0.1007,-0.0544,-0.0131,92459.55,765.73,-0.00,0.1152
11062,0.49,-1.06,9.54,0.0562,-0.0256,-0.0401,92459.21,765.76,0.15,0.0736
11124,1.00,-1.18,9.43,-0.1059,-0.0313,0.0072,92459.21,765.76,0.11,0.1107
11183,0.62,-1.47,10.12,0.0500,-0.0464,-0.0494,92459.21,765.76,0.07,0.0842
11245,0.61,-1.38,10.35,0.0722,0.0076,-0.0386,92459.21,765.76,0.05,0.0822
11309,0.86,-1.17,10.33,-0.0827,-0.1023,0.0185,92459.21,765.76,0.04,0.1329
11370,1.10,-1.19,9.00,-0.3219,-0.0809,-0.0195,92459.21,765.76,0.03,0.3325
11431,0.88,-1.39,9.60,-0.1494,-0.0077,-0.0167,92459.21,765.76,0.02,0.1505
11492,0.57,-1.03,9.00,-0.0814,0.1379,0.0245,92459.21,765.76,0.01,0.1620
11553,0.67,-1.78,9.83,-0.1096,0.0887,-0.1007,92459.55,765.73,-0.14,0.1733
11613,0.77,-1.87,10.15,0.1833,0.0871,-0.0909,92459.55,765.73,-0.10,0.2224
11674,0.75,-1.61,9.28,-0.0330,0.0001,-0.0549,92459.55,765.73,-0.07,0.0641
11737,0.62,-1.52,9.27,-0.0490,0.0152,-0.1338,92459.55,765.73,-0.05,0.1433
11799,0.76,-1.60,9.27,0.0145,0.0261,0.0341,92459.55,765.73,-0.03,0.0453
11858,0.59,-1.54,9.66,0.0883,0.0484,-0.0433,92459.55,765.73,-0.02,0.1096
11920,0.36,-1.73,9.82,-0.0163,-0.0486,0.0725,92459.55,765.73,-0.02,0.0888
11979,1.16,-1.64,9.20,-0.0221,-0.0389,-0.0053,92459.55,765.73,-0.01,0.0451
12041,0.62,-1.88,9.56,0.0024,-0.0064,-0.0910,92459.55,765.73,-0.01,0.0913
12100,0.73,-1.55,9.58,0.0177,0.0321,0.0645,92459.55,765.73,-0.01,0.0742
12165,0.34,-1.58,9.60,-0.0171,-0.0160,0.0073,92459.55,765.73,-0.00,0.0245
12226,0.80,-1.80,9.28,-0.0037,-0.0048,0.0365,92459.55,765.73,-0.00,0.0370
12286,0.80,-1.82,9.62,0.0246,0.0300,-0.0290,92459.55,765.73,-0.00,0.0485
12347,0.78,-1.81,9.65,-0.0055,0.0285,0.0192,92459.55,765.73,-0.00,0.0348
12407,0.65,-1.72,9.69,0.0317,0.0234,0.0163,92459.55,765.73,-0.00,0.0427
12468,0.89,-1.66,9.45,0.0185,0.0486,0.0504,92459.55,765.73,-0.00,0.0724
12529,1.00,-1.77,9.50,0.2038,0.0930,0.3230,92459.55,765.73,-0.00,0.3931
12605,1.19,-1.67,9.39,0.4932,0.1027,0.6711,92459.72,765.71,-0.06,0.8392
12665,0.50,-1.96,10.20,0.3448,-0.0810,0.0769,92459.72,765.71,-0.04,0.3624
12731,0.76,-0.93,10.41,0.0326,-0.3263,-0.1094,92459.72,765.71,-0.03,0.3457
12792,1.52,-0.43,8.95,-0.4018,-0.3407,-0.3507,92459.72,765.71,-0.02,0.6328
12853,1.80,-1.38,9.47,-0.1258,-0.6259,-0.4843,92459.72,765.71,-0.01,0.8013
12913,2.15,-1.26,8.60,0.1763,-0.5327,-0.4137,92459.72,765.71,-0.01,0.6971
12974,2.09,-1.46,9.15,0.5029,-0.5341,-0.2737,92459.72,765.71,-0.01,0.7830
13037,1.70,-0.59,10.13,0.0730,-0.1835,-0.3631,92459.72,765.71,-0.00,0.4133
13099,2.43,-0.30,9.74,-0.7306,0.4643,-0.2702,92459.69,765.71,0.01,0.9069
13158,1.76,-0.53,8.20,0.3199,0.0723,-1.0802,92459.69,765.71,0.01,1.1289
13220,1.41,-0.41,9.25,0.8472,-0.4695,-1.5452,92459.69,765.71,0.00,1.8237
13279,2.00,-0.25,9.64,-0.7492,0.4728,-1.3114,92459.69,765.71,0.00,1.5826
13341,2.14,-0.54,9.99,-0.4859,0.5445,-1.3544,92459.69,765.71,0.00,1.5385
13400,1.42,-0.44,9.30,0.7149,-0.1549,-1.5127,92459.69,765.71,0.00,1.6803
13465,1.61,-0.17,9.46,-0.8572,0.1087,-1.3151,92459.69,765.71,0.00,1.5736
13526,2.09,-0.62,9.88,-1.4437,0.6863,-1.1643,92459.69,765.71,0.00,1.9776
13587,1.67,-0.60,9.82,0.2475,0.0218,-1.1430,92460.03,765.68,-0.15,1.1697
13648,1.42,-0.36,9.94,0.1556,-0.3940,-0.6796,92460.03,765.68,-0.11,0.8008
13708,1.76,-0.65,10.00,-0.4497,0.3203,0.0168,92460.03,765.68,-0.07,0.5523
13769,1.66,-0.32,8.84,0.2722,0.4362,0.6205,92460.03,765.68,-0.05,0.8058
13832,1.13,-0.36,8.79,0.9425,-0.3664,1.0257,92460.03,765.68,-0.04,1.4404
13894,1.64,-0.50,9.59,0.5593,-0.6130,1.2672,92460.03,765.68,-0.03,1.5147
13953,2.05,-0.48,9.68,0.2725,0.0380,1.2957,92460.03,765.68,-0.02,1.3246
14015,1.64,-0.30,9.02,1.0028,-0.1720,1.2064,92460.03,765.68,-0.01,1.5782
14074,1.65,-0.27,9.88,0.3448,-0.5131,1.2696,92460.03,765.68,-0.01,1.4121
14136,2.06,-0.53,10.07,-0.6804,-0.0665,1.2863,92460.03,765.68,-0.01,1.4567
14195,2.10,-0.43,9.34,0.0306,0.3246,0.7782,92460.03,765.68,-0.00,0.8437
14260,1.95,-0.26,9.74,-0.0313,0.2378,0.3748,92460.03,765.68,-0.00,0.4450
14321,1.83,-0.54,10.14,-0.8799,0.3132,0.1355,92460.03,765.68,-0.00,0.9437
14381,1.87,-0.57,9.67,-0.4042,0.7121,-0.1704,92460.03,765.68,-0.00,0.8364
14442,1.68,-0.27,8.94,0.0596,0.4285,-0.3536,92460.03,765.68,-0.00,0.5587
14502,1.48,-0.40,9.50,-0.3175,0.0265,-0.3449,92460.03,765.68,-0.00,0.4696
14563,1.65,-0.54,9.42,-0.0242,0.3195,-0.3886,92460.20,765.67,-0.08,0.5037
14623,1.83,-0.40,9.38,0.5404,0.2298,-0.5115,92460.20,765.67,-0.05,0.7787
14688,1.00,-0.73,6.87,1.4294,-0.9469,-0.6636,92460.20,765.67,-0.04,1.8385
14752,1.54,-0.37,10.01,1.3186,-1.7070,-0.9224,92460.20,765.67,-0.03,2.3459
14814,2.45,-0.86,11.10,-0.1525,-0.3766,-0.7698,92460.20,765.67,-0.02,0.8705
14873,1.71,-0.26,6.77,1.1435,1.5845,-1.0051,92460.20,765.67,-0.01,2.1974
14935,1.43,0.03,9.57,0.5542,1.4779,-0.5764,92460.20,765.67,-0.01,1.6804
14994,1.58,-1.27,12.20,-0.7974,0.3512,-0.2665,92460.20,765.67,-0.01,0.9111
15056,1.58,-0.32,8.11,0.6923,1.0245,-0.0409,92460.20,765.67,-0.00,1.2372
15120,1.12,0.20,7.93,0.0717,0.5490,0.5844,92460.34,765.65,-0.06,0.8050
15180,1.20,-0.91,11.28,-1.0279,-2.3359,0.7705,92460.34,765.65,-0.04,2.6659
15241,1.97,-0.47,8.80,-0.7897,-1.4582,0.5652,92460.34,765.65,-0.03,1.7520
15301,2.18,-0.37,9.52,-0.5556,0.3313,0.4096,92460.34,765.65,-0.02,0.7656
15362,1.81,-0.98,14.03,-0.1304,-2.3517,-0.1360,92460.34,765.65,-0.01,2.3592
15422,2.26,0.01,9.70,-0.6861,-1.6587,-0.0103,92460.34,765.65,-0.01,1.7951
15483,2.07,-0.57,9.47,-0.5689,1.3683,0.2823,92460.34,765.65,-0.01,1.5085
15546,2.26,-0.93,11.92,0.8835,0.0164,0.2168,92460.34,765.65,-0.01,0.9098
15608,1.76,-0.10,10.19,0.2285,-0.6159,0.6463,92460.52,765.64,-0.08,0.9216
15667,1.93,-0.86,8.48,0.8247,1.8823,1.1097,92460.52,765.64,-0.05,2.3355
15729,2.23,-0.61,11.41,1.0619,1.5560,1.4096,92460.52,765.64,-0.04,2.3528
15788,1.40,-0.33,7.48,0.7654,0.3738,1.8123,92460.52,765.64,-0.03,2.0026
15850,1.66,-0.35,9.33,1.1405,0.9330,1.8103,92460.52,765.64,-0.02,2.3342
15909,2.27,-0.51,11.18,-0.3716,-0.4819,1.7104,92460.52,765.64,-0.01,1.8154
15985,2.62,-0.92,10.83,0.2976,-0.5137,0.9371,92460.52,765.64,-0.01,1.1094
16044,1.74,0.06,7.83,0.1114,0.5983,0.2896,92460.52,765.64,-0.01,0.6740
16106,1.79,-0.46,10.36,-1.0468,-0.0899,-0.2685,92460.52,765.64,-0.00,1.0844
16165,1.95,-0.46,9.86,-1.9482,-1.9244,-0.8521,92460.52,765.64,-0.00,2.8679
16224,2.22,-0.21,8.65,-1.2777,-0.1687,-1.1036,92460.52,765.64,-0.00,1.6967
16287,2.40,-0.77,11.22,-0.8571,1.2642,-1.0942,92460.52,765.64,-0.00,1.8789
16346,2.81,-1.48,13.69,-1.0460,-0.9823,3.4159,92460.52,765.64,-0.00,3.7051
16410,2.08,-0.51,8.74,-0.4466,-0.2058,2.9022,92460.52,765.64,-0.00,2.9435
16471,2.53,0.06,7.18,0.7588,2.0374,1.5098,92460.52,765.64,-0.00,2.6469
16532,2.44,-1.45,11.25,1.0000,-0.1463,-0.4330,92460.52,765.64,-0.00,1.0995
16592,2.06,-0.67,9.51,0.9627,-0.7615,-2.0979,92460.31,765.66,0.09,2.4306
16653,2.68,-0.88,9.52,1.6844,1.5572,-3.2758,92460.31,765.66,0.06,3.9991
16713,2.24,-1.14,10.81,2.1193,0.8475,-3.7014,92460.31,765.66,0.04,4.3486
16779,1.43,-0.51,7.87,1.8265,0.0838,-3.0287,92460.31,765.66,0.03,3.5378
16842,1.40,-0.24,9.20,0.1648,0.7857,-1.8795,92460.31,765.66,0.02,2.0438
16904,1.28,-0.75,11.60,-0.5328,-1.0083,-0.9316,92460.31,765.66,0.01,1.4725
16963,-0.99,1.09,6.81,-1.0417,-2.4853,0.6743,92460.31,765.66,0.01,2.7779
17025,0.79,-0.81,7.74,-0.4166,-0.8632,2.6480,92460.31,765.66,0.01,2.8161
17084,2.33,-0.30,9.55,-0.9963,-1.0272,2.5285,92460.31,765.66,0.01,2.9053
17146,1.92,-0.14,7.70,-2.5539,-1.5352,2.4007,92460.31,765.66,0.00,3.8266
17210,0.99,-0.04,7.67,-0.8673,0.0966,1.5827,92460.31,765.66,0.00,1.8073
17270,2.13,-0.29,9.52,1.0143,1.5713,1.2822,92460.31,765.66,0.00,2.2676
17331,2.11,-0.70,10.33,1.0469,0.9884,0.9453,92460.31,765.66,0.00,1.7224
17391,1.45,-0.31,8.02,1.2472,0.6238,0.4775,92460.31,765.66,0.00,1.4740
17452,1.64,0.11,9.17,0.2879,0.6214,0.3467,92460.31,765.66,0.00,0.7676
17512,2.03,-0.84,10.58,-0.2983,-0.7783,-0.0097,92460.31,765.66,0.00,0.8336
17573,2.13,-0.61,10.22,1.0500,-1.0692,-0.6845,92460.31,765.66,0.00,1.6475
17636,1.93,-0.13,9.48,0.4249,0.0705,-0.9766,92459.80,765.70,0.22,1.0673
17698,1.77,-0.68,10.74,-0.7201,-0.7905,-1.1590,92459.80,765.70,0.16,1.5769
17757,1.88,-0.39,8.81,-0.3208,-1.3555,-1.5799,92459.80,765.70,0.11,2.1062
17819,1.70,-0.29,10.16,-0.4482,-0.1414,-1.7104,92459.80,765.70,0.08,1.7738
17878,1.82,-0.84,10.47,-0.6682,-0.6567,-2.1076,92459.80,765.70,0.05,2.3064
17940,2.02,-0.18,9.54,-1.2958,-0.6675,-1.8599,92459.80,765.70,0.04,2.3630
17999,1.62,-0.71,8.55,-0.4118,0.8178,-1.3411,92459.80,765.70,0.03,1.6239
18064,2.52,-1.46,11.68,2.5283,0.5448,2.0287,92459.80,765.70,0.02,3.2871
18125,2.17,0.24,10.21,0.1308,0.8254,2.3542,92459.80,765.70,0.01,2.4981
18185,1.14,-0.22,7.24,-1.0868,1.1991,2.5413,92459.80,765.70,0.01,3.0128
18246,2.24,-1.39,10.49,2.4036,0.5063,1.9319,92459.80,765.70,0.01,3.1250
18306,2.15,-0.48,10.69,0.9399,0.5015,1.8189,92459.80,765.70,0.00,2.1079
18367,1.24,-0.15,7.88,-0.5750,1.1740,1.3532,92459.80,765.70,0.00,1.8816
18427,1.93,-0.66,10.10,1.6795,-0.0894,0.0586,92459.80,765.70,0.00,1.6829
18492,2.50,-0.15,10.91,0.5064,-0.9844,-0.8338,92459.80,765.70,0.00,1.3859
18551,1.52,-0.33,8.81,-1.3354,-0.2132,-1.2112,92459.80,765.70,0.00,1.8154
18613,1.67,-0.70,9.18,0.1941,-0.2621,-1.7529,92459.80,765.70,0.00,1.7830
18672,2.12,-0.33,10.36,-0.2181,-1.5303,-1.8231,92459.80,765.70,0.00,2.3902
18734,1.51,-0.46,8.77,-1.2744,-1.0416,-1.6294,92459.80,765.70,0.00,2.3160
18798,1.53,-0.49,9.38,-0.2466,-0.6964,-1.8203,92459.80,765.70,0.00,1.9645
18860,2.45,-0.34,9.99,-0.7101,-0.8063,-1.5960,92459.80,765.70,0.00,1.9239
18924,1.78,-0.56,9.48,-0.9859,-0.1811,-1.1402,92459.80,765.70,0.00,1.5182
18984,1.61,-0.67,9.22,1.2429,0.4025,0.8340,92459.80,765.70,0.00,1.5500
19045,2.46,-0.46,10.62,1.3324,1.5386,1.0261,92459.80,765.70,0.00,2.2794
19105,1.67,-0.38,9.27,-0.3114,0.9542,1.1790,92459.80,765.70,0.00,1.5484
19166,1.35,-0.45,8.49,0.2565,0.1580,1.1163,92459.28,765.75,0.23,1.1563
19226,2.36,-0.49,10.92,0.3717,0.6502,1.0625,92459.28,765.75,0.16,1.2999
19287,1.87,-0.49,9.44,-0.3560,0.8740,1.0373,92459.28,765.75,0.11,1.4024
19363,1.40,-0.31,8.93,-0.3154,-0.1327,0.6579,92459.28,765.75,0.08,0.7415
19425,1.93,-0.41,9.66,-0.1839,-0.3016,0.4684,92459.28,765.75,0.05,0.5867
19486,2.10,-0.70,10.45,-0.1675,0.0127,0.2943,92459.28,765.75,0.04,0.3389
19548,1.52,-0.32,9.05,-0.0798,-0.5052,0.0773,92459.28,765.75,0.03,0.5173
19609,1.70,-0.35,8.83,-0.0486,-0.8613,-0.1025,92459.28,765.75,0.02,0.8688
19671,2.09,-0.69,10.47,0.0123,-0.6089,-0.3259,92459.28,765.75,0.01,0.6907
19732,1.47,-0.45,9.56,0.2024,-0.9686,-0.5749,92459.28,765.75,0.01,1.1444
19798,1.88,-0.32,8.58,0.1712,-0.4831,-0.8970,92459.28,765.75,0.01,1.0331
19857,2.16,-0.65,9.78,0.2154,0.3532,-1.2410,92459.28,765.75,0.00,1.3082
19919,1.81,-0.39,9.46,-0.2638,0.4203,-1.5998,92459.28,765.75,0.00,1.6750
19978,1.83,-0.44,9.28,-0.8636,1.0118,-1.6519,92459.28,765.75,0.00,2.1209
20040,1.67,-0.62,10.03,-1.1462,0.7294,-1.5399,92459.28,765.75,0.00,2.0536
20099,1.85,-1.05,10.11,0.6905,-0.3176,0.9292,92459.28,765.75,0.00,1.2004
20161,1.77,-0.31,9.71,1.1103,0.4742,0.9177,92459.11,765.77,0.08,1.5165
20225,1.52,-0.28,9.68,-1.0716,0.6873,1.2085,92459.11,765.77,0.05,1.7554
20285,1.74,-0.69,9.59,0.4298,-0.4835,0.9765,92459.11,765.77,0.04,1.1713
20346,2.12,-0.26,9.73,1.2381,-0.4386,0.8557,92459.11,765.77,0.03,1.5677
20406,1.57,-0.18,9.74,-0.7626,0.1496,1.1106,92459.11,765.77,0.02,1.3555
20467,1.58,-0.63,9.39,-0.0017,-0.7942,0.6704,92459.11,765.77,0.01,1.0393
20527,2.26,-0.11,9.45,0.5024,-1.0694,0.0849,92459.11,765.77,0.01,1.1846
20588,1.73,-0.05,9.90,0.2855,-0.0417,-0.1498,92459.11,765.77,0.01,0.3251
20651,0.80,0.42,9.52,0.5255,-0.1522,-0.2168,92458.94,765.78,0.08,0.5884
20713,1.59,0.63,9.91,-0.0618,0.7069,0.0109,92458.94,765.78,0.05,0.7097
20772,2.38,0.15,9.93,0.5830,0.0891,0.3712,92458.94,765.78,0.04,0.6969
20839,1.79,0.54,8.49,0.3191,0.2618,1.0888,92458.94,765.78,0.03,1.1644
20898,0.36,0.50,9.54,0.8360,-0.0422,1.4087,92458.94,765.78,0.02,1.6386
20960,3.08,0.19,9.92,0.3696,-1.1052,-0.5532,92458.94,765.78,0.01,1.2899
21019,2.29,0.62,10.44,-0.9751,1.5932,0.5052,92458.94,765.78,0.01,1.9350
21084,0.46,0.27,8.48,0.5974,-1.0838,-0.1917,92458.94,765.78,0.01,1.2523
21145,2.88,-0.76,9.67,0.3433,0.2016,-0.1764,92458.94,765.78,0.00,0.4355
21205,1.75,0.33,11.32,-0.4143,0.6903,-0.3508,92458.09,765.86,0.38,0.8782
21266,2.09,2.30,7.09,-0.5561,-0.2102,0.4351,92458.09,765.86,0.27,0.7367
21326,1.93,-1.71,10.64,-0.1484,0.0755,0.8390,92458.09,765.86,0.19,0.8553
21387,2.04,-1.91,9.66,-0.2844,-0.0191,0.7585,92458.09,765.86,0.13,0.8103
21447,1.68,0.71,7.50,-0.9441,-0.1871,0.9971,92458.09,765.86,0.09,1.3858
21512,4.01,-1.08,11.56,-0.8123,1.0572,0.5421,92458.09,765.86,0.06,1.4392
21571,4.33,-1.39,7.82,0.2533,-0.6748,1.1619,92458.09,765.86,0.05,1.3673
21633,2.76,-1.56,10.20,0.0663,-0.1559,0.2691,92458.09,765.86,0.03,0.3180
21692,2.67,0.77,5.99,-0.0434,-0.2397,0.0823,92457.77,765.88,0.16,0.2571
21754,5.66,-1.58,8.92,-0.2915,0.0990,-0.9615,92457.77,765.88,0.11,1.0096
21813,-0.43,-0.48,7.69,-0.0958,-0.4154,-1.1730,92457.77,765.88,0.08,1.2480
21875,5.38,-0.67,8.54,0.1435,-0.7731,-1.6571,92457.77,765.88,0.06,1.8342
21939,-1.80,0.62,9.41,0.0444,-0.2057,-0.3716,92457.77,765.88,0.04,0.4270
21999,1.10,-1.12,7.84,-0.4307,0.6607,0.6472,92457.77,765.88,0.03,1.0203
22060,0.83,-3.71,9.87,0.7737,-0.1144,2.0151,92457.77,765.88,0.02,2.1616
22120,2.80,-2.49,7.25,0.2621,0.9972,1.0256,92457.77,765.88,0.01,1.4543
22181,4.56,-2.06,12.19,0.4354,-0.2109,0.9607,92456.95,765.96,0.37,1.0757
22241,2.72,0.75,6.13,0.2254,-1.2642,1.4558,92456.95,765.96,0.26,1.9413
22302,4.92,-0.96,10.93,0.4638,-0.0097,-0.3982,92456.95,765.96,0.18,0.6114
22365,0.79,-0.98,12.83,0.0902,-0.6274,0.0290,92456.95,765.96,0.13,0.6345
22427,2.63,0.73,11.20,0.1386,-0.6739,0.4217,92456.95,765.96,0.09,0.8069
22486,2.36,0.32,8.64,0.9753,-1.4076,1.1165,92456.95,765.96,0.06,2.0442
22548,0.36,-0.73,12.61,1.9634,-0.2729,2.0761,92456.95,765.96,0.04,2.8705
22607,7.59,-0.73,11.49,1.3454,-0.6002,1.6550,92456.95,765.96,0.03,2.2157
22669,0.52,-0.01,4.87,1.3145,-0.1455,0.0037,92454.77,766.15,0.97,1.3225
22728,5.20,-0.21,6.18,-0.8527,-0.6654,-1.3666,92454.77,766.15,0.68,1.7428
22804,5.11,2.09,7.00,-2.2632,0.3381,-2.4778,92454.77,766.15,0.48,3.3728
22868,-0.05,1.07,8.23,-0.7874,-0.1418,-2.3089,92454.77,766.15,0.33,2.4436
22930,-0.62,1.38,13.47,-1.3242,0.5732,-0.5436,92454.77,766.15,0.23,1.5419
22989,2.92,1.01,8.26,-1.6184,-0.1014,0.0862,92454.77,766.15,0.16,1.6238
23051,-1.24,1.06,8.81,-1.0603,0.1671,2.6077,92454.77,766.15,0.11,2.8200
23110,1.66,1.40,13.28,0.9654,0.4939,2.4489,92454.77,766.15,0.08,2.6783
23172,2.63,2.38,5.19,-1.3835,0.9906,2.9641,92454.77,766.15,0.06,3.4178
23236,1.15,1.73,11.28,1.3696,0.3749,1.7488,92453.11,766.30,0.74,2.2527
23296,2.16,0.52,7.02,1.1109,0.4566,-0.2417,92453.11,766.30,0.52,1.2251
23357,0.63,-1.81,10.65,0.6634,-1.5477,-2.5598,92453.11,766.30,0.36,3.0640
23417,5.92,1.98,8.83,0.2148,-0.8148,-4.2651,92453.11,766.30,0.25,4.3476
23478,-1.02,-0.62,8.08,-0.8384,-0.9288,-3.5165,92453.11,766.30,0.18,3.7325
23538,0.27,-0.66,11.94,-0.0823,-1.0119,-3.1535,92453.11,766.30,0.12,3.3128
23599,3.31,1.60,6.62,-1.4125,-0.5516,-1.5504,92453.11,766.30,0.09,2.1687
23662,-0.90,1.09,5.71,-0.0366,-1.0826,0.3830,92453.11,766.30,0.06,1.1490
23724,7.40,-1.41,12.50,-1.0972,0.0061,1.7861,92448.36,766.73,2.10,2.0962
23783,-2.35,1.33,7.35,-0.6089,0.2581,4.3315,92448.36,766.73,1.47,4.3817
23845,1.56,-1.90,11.40,0.1547,1.7006,4.3315,92448.36,766.73,1.03,4.6559
23904,1.36,-0.17,7.17,1.3932,2.4120,3.4515,92448.36,766.73,0.72,4.4353
23966,2.21,-1.38,8.49,1.2486,-0.2561,1.0015,92448.36,766.73,0.50,1.6210
24025,0.53,-0.45,8.35,1.1234,1.6579,-1.4234,92448.36,766.73,0.35,2.4570
24090,1.00,0.07,8.36,-0.1148,0.3503,-4.3657,92448.36,766.73,0.25,4.3813
24151,1.63,-3.30,13.60,-0.1844,-2.6505,-4.3657,92448.36,766.73,0.17,5.1106
24211,2.29,-2.75,11.08,-0.5492,-0.2463,-4.3657,92446.37,766.91,1.01,4.4070
24272,2.64,-3.46,9.64,-1.0397,-2.1906,-4.3657,92446.37,766.91,0.71,4.9939
24332,0.14,-1.71,8.21,0.4543,-1.7684,-3.3701,92446.37,766.91,0.50,3.8329
24393,-2.80,-3.60,9.32,0.8958,1.3221,0.2942,92446.37,766.91,0.35,1.6239
24453,-0.05,-2.85,9.14,0.3852,-2.9752,2.4098,92446.37,766.91,0.24,3.8480
24518,-0.42,0.62,2.09,-0.3617,1.7503,4.3315,92446.37,766.91,0.17,4.6857
24577,0.10,-1.54,8.05,1.5170,1.7404,4.3315,92446.37,766.91,0.12,4.9084
24639,-1.10,-3.53,11.83,0.0149,0.4843,4.3315,92446.37,766.91,0.08,4.3585
24698,-3.05,1.40,10.84,4.3315,1.3006,4.3315,92444.73,767.05,0.81,6.2622
24760,2.49,0.17,10.62,0.8633,1.4091,0.5133,92444.73,767.05,0.57,1.7304
24819,-3.63,-1.39,11.98,-0.3315,0.8354,-3.9435,92444.73,767.05,0.40,4.0446
24886,-0.53,0.75,9.53,0.0767,-1.3055,-4.3657,92444.73,767.05,0.28,4.5574
24949,2.67,-3.78,8.61,-2.2631,-0.9025,-4.3657,92444.73,767.05,0.19,4.9996
25009,0.86,-4.28,8.80,-2.2026,0.5473,-4.3657,92444.73,767.05,0.14,4.9204
25070,-1.02,-2.81,6.49,1.1688,1.0998,-4.3657,92444.73,767.05,0.09,4.6514
25130,3.71,-3.65,16.59,0.2595,-2.9527,-4.3657,92444.73,767.05,0.07,5.2769
25191,3.32,-4.27,9.97,0.0739,2.5834,1.2545,92444.73,767.05,0.05,2.8728
25251,0.75,-3.10,7.05,1.9799,-0.2365,4.3315,92443.42,767.17,0.62,4.7684
25312,2.54,-6.18,6.73,1.7649,-1.8455,4.3315,92443.42,767.17,0.43,5.0282
25375,4.39,-4.25,9.36,1.3432,3.1233,4.3315,92443.42,767.17,0.30,5.5065
25437,-0.35,-1.70,10.97,-1.9185,0.7128,4.3315,92443.42,767.17,0.21,4.7907
25496,2.10,-0.56,12.42,4.3315,-1.0031,4.3315,92443.42,767.17,0.15,6.2072
25558,-0.68,1.17,13.70,-0.2986,3.5450,2.6995,92443.42,767.17,0.10,4.4658
25617,-1.42,1.43,6.59,1.9577,0.2441,-2.5688,92443.42,767.17,0.07,3.2390
25679,-0.74,0.03,10.44,0.6181,-1.8458,-4.3657,92443.42,767.17,0.05,4.7800
25738,1.76,-3.50,9.91,-1.8752,-0.4018,-4.3657,92443.52,767.16,-0.01,4.7684
25803,0.31,-2.63,6.52,-1.4842,-0.7497,-4.3657,92443.52,767.16,-0.01,4.6717
25864,5.47,-4.33,15.45,0.2663,1.1648,-4.3657,92443.52,767.16,-0.01,4.5263
25924,3.73,-4.08,9.42,0.4650,-0.0350,-4.3657,92443.52,767.16,-0.00,4.3906
25985,5.85,-0.25,9.05,1.1033,0.0636,-0.8799,92443.52,767.16,-0.00,1.4126
26045,1.12,-2.94,11.47,2.8308,3.3851,4.3315,92443.52,767.16,-0.00,6.1834
26106,1.14,-2.42,3.05,1.2493,-4.2531,4.3315,92443.52,767.16,-0.00,6.1977
26181,2.31,-4.21,9.36,0.6969,4.0540,4.3315,92443.52,767.16,-0.00,5.9734
26242,-0.67,-2.62,4.14,-0.8958,2.0162,4.3315,92439.34,767.54,1.84,4.8610
26302,-1.27,-5.00,13.65,4.3315,-1.8453,4.3315,92439.34,767.54,1.29,6.3975
26363,2.36,1.27,8.62,-0.4902,2.8507,3.6138,92439.34,767.54,0.90,4.6289
26423,-0.11,1.42,8.42,1.9125,-2.7816,-3.1086,92439.34,767.54,0.63,4.5889
26484,1.21,-1.27,13.68,-1.7588,0.0727,-4.3657,92439.34,767.54,0.44,4.7072
26544,-0.31,-4.23,11.43,-0.0301,1.2834,-4.3657,92439.34,767.54,0.31,4.5506
26609,2.09,-2.07,1.75,-1.0100,-2.6489,-4.3657,92439.34,767.54,0.22,5.2054
26668,4.38,-4.30,14.25,-0.3589,1.7801,-4.3657,92439.34,767.54,0.15,4.7283
26730,-1.03,-2.13,8.83,-0.1847,-0.6570,-4.3657,92436.16,767.82,1.49,4.4187
26789,3.59,0.35,3.92,1.2510,0.9407,-0.7803,92436.16,767.82,1.04,1.7490
26851,2.82,-3.02,9.89,2.5374,3.6244,4.3315,92436.16,767.82,0.73,6.1916
26915,0.53,-3.20,8.18,0.7528,-4.1713,4.3315,92436.16,767.82,0.51,6.0604
26977,2.83,-4.92,8.86,4.3107,-0.5974,4.3315,92436.16,767.82,0.36,6.1401
27041,-0.13,-2.09,4.27,-0.5409,4.0608,4.3315,92436.16,767.82,0.25,5.9619
27101,1.81,-1.47,8.37,4.3315,-0.8274,4.3315,92436.16,767.82,0.18,6.1813
27162,2.68,1.19,7.31,-2.0356,-2.1229,4.3315,92436.16,767.82,0.12,5.2357
27222,10.18,0.29,11.30,3.3612,-2.0091,-2.0564,92436.16,767.82,0.09,4.4230
27283,4.81,0.67,14.82,0.9693,0.7889,-4.3657,92433.00,768.11,1.45,4.5411
27343,0.41,-3.21,7.60,-4.3657,-0.2475,-4.3657,92433.00,768.11,1.02,6.1790
27404,2.29,-5.62,8.82,2.1109,0.0618,-4.3657,92433.00,768.11,0.71,4.8497
27467,0.64,-2.77,9.20,-3.0884,0.0642,-4.3657,92433.00,768.11,0.50,5.3481
27529,2.32,-4.77,8.53,-0.8745,-0.0220,-4.3657,92433.00,768.11,0.35,4.4525
27588,4.05,-0.78,6.81,1.8667,-0.4162,-4.3657,92433.00,768.11,0.24,4.7663
27650,2.65,-2.27,9.40,0.5946,-0.0205,3.3321,92433.00,768.11,0.17,3.3848
27709,-0.15,-2.90,5.04,4.3315,-2.8398,4.3315,92433.00,768.11,0.12,6.7519
27771,2.71,-4.95,14.29,0.9490,0.9827,4.3315,92428.59,768.50,1.99,4.5418
27830,-0.53,-6.84,11.21,-1.0249,-1.0147,4.3315,92428.59,768.50,1.40,4.5653
27895,1.75,-4.48,12.17,3.2885,1.3427,4.3315,92428.59,768.50,0.98,5.6017
27956,-0.09,-0.73,6.93,1.6838,3.7211,4.3315,92428.59,768.50,0.68,5.9535
28016,4.15,2.47,11.09,0.7834,-4.3657,0.3942,92428.59,768.50,0.48,4.4529
28077,8.54,0.23,7.28,-1.8478,0.6487,-4.3657,92428.59,768.50,0.34,4.7848
28137,0.73,-5.73,13.15,0.6368,4.3315,-4.3657,92428.59,768.50,0.23,6.1828
28198,0.27,-3.25,6.84,3.2361,-1.2728,-4.3657,92428.59,768.50,0.16,5.5814
28258,6.21,-7.11,16.74,-3.7271,-4.3657,-4.3657,92422.19,769.08,2.99,7.2118
28323,4.54,-3.99,5.59,-0.9462,2.0266,-4.3657,92422.19,769.08,2.09,4.9053
28382,-0.21,-2.38,10.42,1.2265,-1.5776,-4.3657,92422.19,769.08,1.46,4.8013
28444,4.58,-1.21,9.62,-0.0750,-2.7797,1.3993,92422.19,769.08,1.03,3.1130
28503,2.90,-3.03,15.44,3.9018,3.5448,4.3315,92422.19,769.08,0.72,6.8228
28565,-3.40,-2.59,5.34,-0.7512,-0.4066,4.3315,92422.19,769.08,0.50,4.4149
28624,-1.23,-6.76,5.00,-1.6457,-2.3080,4.3315,92422.19,769.08,0.35,5.1765
28686,6.45,-2.91,12.15,4.3315,-0.4978,4.3315,92422.19,769.08,0.25,6.1458
28749,-0.68,2.66,12.28,0.3344,4.3315,4.3315,92422.19,769.08,0.17,6.1348
28809,-1.05,0.69,0.40,1.2361,-4.3657,3.4274,92418.19,769.43,1.91,5.6863
28870,9.65,0.02,12.56,-2.3902,0.0059,-3.9827,92418.19,769.43,1.34,4.6449
28935,0.30,-5.10,14.85,-1.7267,2.0436,-4.3657,92418.19,769.43,0.94,5.1203
28996,-1.92,-1.74,1.51,2.5023,-0.3136,-4.3657,92418.19,769.43,0.66,5.0418
29056,3.35,-5.60,13.49,-4.3657,-4.3657,-4.3657,92418.19,769.43,0.46,7.5617
29117,4.93,-4.71,12.52,-0.5264,0.3543,-4.3657,92418.19,769.43,0.32,4.4116
29180,-1.54,-2.93,9.89,-0.1263,-0.3158,-4.3657,92418.19,769.43,0.23,4.3789
29242,0.15,-3.32,7.60,-0.3559,-1.2429,0.7605,92418.19,769.43,0.16,1.4999
29301,-0.19,-2.77,9.25,3.7646,-0.4016,4.3315,92411.75,770.01,3.05,5.7528
29363,3.53,-3.53,8.79,-1.1269,0.5315,4.3315,92411.75,770.01,2.13,4.5071
29422,0.59,-4.47,12.06,2.6961,2.4869,4.3315,92411.75,770.01,1.49,5.6758
29484,-0.63,-0.67,9.27,-0.4469,0.8545,4.3315,92411.75,770.01,1.04,4.4375
29543,-0.89,-3.03,13.38,4.3315,0.9928,4.3315,92411.75,770.01,0.73,6.2056
29620,-1.04,-2.03,7.93,3.6198,-3.8236,1.0034,92411.75,770.01,0.51,5.3600
29679,4.11,0.53,7.28,-2.7147,-1.8347,-4.3657,92411.75,770.01,0.36,5.4585
29741,3.65,-2.35,13.09,-0.9919,3.6524,-4.3657,92411.75,770.01,0.25,5.7778
29800,1.55,-3.81,13.68,1.9782,1.6677,-4.3657,92406.72,770.46,2.47,5.0748
29862,0.92,-3.27,7.66,-3.1738,-4.3657,-4.3657,92406.72,770.46,1.73,6.9421
29921,3.75,-3.90,10.16,-0.4413,-0.4699,-4.3657,92406.72,770.46,1.21,4.4131
29983,1.49,-2.08,9.28,0.7933,0.9671,-4.3657,92406.72,770.46,0.85,4.5414
30046,2.95,-0.08,5.18,-1.3835,-2.2071,1.0155,92406.72,770.46,0.59,2.7958
30106,-0.85,-3.75,8.03,2.5046,1.9243,4.3315,92406.72,770.46,0.42,5.3607
30166,2.55,-5.57,11.29,-0.8171,-0.7609,4.3315,92406.72,770.46,0.29,4.4731
30226,2.31,-4.83,8.43,-0.4686,0.2160,4.3315,92406.72,770.46,0.20,4.3621
30287,-0.35,-3.09,14.35,4.3315,1.5557,4.3315,92399.63,771.10,3.27,6.3201
30347,-1.19,0.56,13.49,-0.5458,3.8089,4.3315,92399.63,771.10,2.29,5.7938
30407,-1.63,-0.56,10.18,0.7845,-0.9149,3.2471,92399.63,771.10,1.60,3.4635
30470,2.68,1.49,10.98,0.4643,-4.3657,-3.2516,92399.63,771.10,1.12,5.4634
30529,2.31,-0.98,10.28,-4.3657,2.5862,-4.3657,92399.63,771.10,0.79,6.6938
30608,-0.77,-2.39,5.41,1.6968,-1.2989,-4.3657,92399.63,771.10,0.55,4.8606
30683,3.86,-4.13,8.75,-4.3657,-3.3648,-4.3657,92399.63,771.10,0.39,7.0314
30757,3.14,-0.03,1.22,-0.7027,0.2562,-4.3657,92399.63,771.10,0.27,4.4293
30835,0.80,-2.07,9.30,-1.2179,-0.1260,-0.1292,92391.80,771.80,2.89,1.2312
30927,1.39,-2.20,6.42,1.8098,-0.5538,4.3315,92391.80,771.80,2.02,4.7269
30992,0.38,-5.87,8.54,-0.6940,2.8615,4.3315,92391.80,771.80,1.41,5.2375
31053,-1.88,-3.87,11.51,-0.8787,-1.4213,4.3315,92391.80,771.80,0.99,4.6426
31113,0.84,-1.70,10.05,4.3315,1.7353,4.3315,92391.80,771.80,0.69,6.3667
31174,-1.30,-1.51,11.91,-1.2264,4.3315,4.3315,92391.80,771.80,0.49,6.2472
31234,-2.51,0.69,7.09,2.4641,-0.0606,1.4667,92391.80,771.80,0.34,2.8682
31295,-1.54,2.02,7.97,0.8232,-2.8994,-3.8856,92385.03,772.41,3.23,4.9175
31358,1.26,-2.79,14.15,-3.9259,-1.7821,-4.3657,92385.03,772.41,2.26,6.1358
31420,3.14,-4.05,10.37,-0.9280,-2.9393,-4.3657,92385.03,772.41,1.58,5.3442
31479,3.45,-3.34,7.84,-3.2213,-0.6447,-4.3657,92385.03,772.41,1.11,5.4637
31541,0.18,-3.51,0.87,0.2547,-1.1993,-4.3657,92385.03,772.41,0.77,4.5346
31600,0.84,-1.47,5.68,-0.1527,-2.4476,-3.1347,92385.03,772.41,0.54,3.9800
31662,0.14,-2.13,8.19,1.7666,0.2806,0.6528,92385.03,772.41,0.38,1.9042
31721,1.37,-0.34,6.22,1.5278,-2.0659,4.3315,92385.03,772.41,0.27,5.0362
31786,3.20,-4.49,6.62,2.7556,3.3157,4.3315,92385.03,772.41,0.19,6.1114
31847,-1.46,-2.32,4.95,1.9994,0.8937,4.3315,92375.03,773.31,4.54,4.8537
31907,-1.63,-4.35,9.01,1.6293,-0.6590,4.3315,92375.03,773.31,3.18,4.6745
31968,2.29,-0.98,1.87,1.3279,-4.3657,4.3315,92375.03,773.31,2.23,6.2916
32028,2.23,-1.70,8.11,2.9595,0.5416,4.1119,92375.03,773.31,1.56,5.0951
32089,5.27,-1.35,11.91,-3.7751,-2.2008,-1.9003,92375.03,773.31,1.09,4.7651
32149,3.01,-2.08,6.49,-3.5414,-1.6321,-4.3657,92375.03,773.31,0.76,5.8536
32214,1.57,-1.55,7.07,-2.9190,-2.0528,-4.3657,92375.03,773.31,0.53,5.6386
32273,4.04,0.81,7.67,-4.0033,-1.0433,-4.3657,92375.03,773.31,0.37,6.0145
32335,-2.21,-1.58,9.49,0.6955,-1.6972,-4.3657,92366.53,774.07,3.95,4.7354
32394,2.89,-0.70,9.01,-1.9045,-1.9585,-4.3657,92366.53,774.07,2.77,5.1500
32456,-1.39,-2.99,9.57,-0.1740,-0.1166,-1.1900,92366.53,774.07,1.94,1.2083
32515,-0.95,0.33,10.24,0.2054,-3.8728,2.9611,92366.53,774.07,1.36,4.8794
32577,-0.31,-1.66,9.60,-2.2336,0.2060,4.3315,92366.53,774.07,0.95,4.8778
32641,2.28,-5.04,11.85,2.8382,-0.2332,4.3315,92366.53,774.07,0.66,5.1838
32701,3.23,-5.02,14.86,3.7926,2.9299,4.3315,92366.53,774.07,0.47,6.4598
32762,1.87,-0.91,4.49,3.6259,-2.9408,4.3315,92366.53,774.07,0.33,6.3685
32822,-0.35,-2.37,11.54,1.7688,-3.0547,4.3315,92357.73,774.86,4.17,5.5876
32883,1.61,0.24,8.36,-1.9169,-2.0847,-0.8467,92357.73,774.86,2.92,2.9559
32943,4.26,-0.49,6.39,-2.3812,0.7173,-4.3657,92357.73,774.86,2.05,5.0244
33009,0.59,-2.87,9.15,-1.1410,-2.6716,-4.3657,92357.73,774.86,1.43,5.2439
33084,2.75,-4.69,10.77,-4.3657,1.4891,-4.3657,92357.73,774.86,1.00,6.3511
33145,5.40,-3.32,8.34,1.6731,0.2767,-4.3657,92357.73,774.86,0.70,4.6835
33205,1.15,1.07,8.16,-0.0827,-1.8437,-4.3657,92357.73,774.86,0.49,4.7398
33266,-2.29,0.29,8.95,0.9373,-0.0725,-1.2265,92357.73,774.86,0.34,1.5454
33326,-0.86,0.15,10.30,1.1298,-1.5271,4.3315,92349.45,775.60,3.96,4.7297
33387,0.69,-1.54,8.12,-1.4338,-3.7333,4.3315,92349.45,775.60,2.77,5.8953
33447,5.60,-3.88,6.71,2.4489,-2.2409,4.3315,92349.45,775.60,1.94,5.4572
33512,2.81,-6.15,13.98,4.3315,4.3315,4.3315,92349.45,775.60,1.36,7.5023
33571,3.01,-2.55,3.42,0.9021,-1.5180,4.3315,92349.45,775.60,0.95,4.6776
33633,2.04,-3.12,11.76,4.2078,-1.9482,4.3315,92349.45,775.60,0.67,6.3453
33692,2.54,-1.12,6.49,-2.6252,-0.5973,-0.3845,92349.45,775.60,0.47,2.7196
33754,7.13,-2.89,9.80,-0.6443,-1.5120,-4.3657,92349.45,775.60,0.33,4.6649
33813,2.48,-4.71,9.00,-3.7393,-1.3964,-4.3657,92349.45,775.60,0.23,5.9154
33875,7.42,-3.42,10.64,-3.0057,-1.4488,-4.3657,92342.72,776.21,3.08,5.4948
33939,2.26,-1.55,6.26,-0.7517,-0.6560,-4.3657,92342.72,776.21,2.16,4.4783
33999,-1.08,-1.43,13.79,-0.2722,3.2957,-4.3657,92342.72,776.21,1.51,5.4768
34060,-2.55,2.78,4.93,1.9738,1.1559,-4.0861,92342.72,776.21,1.06,4.6827
34120,-2.60,0.62,6.62,-0.3206,0.4064,-0.0661,92342.72,776.21,0.74,0.5218
34181,-4.32,1.64,10.54,0.1430,-3.8124,4.3315,92342.72,776.21,0.52,5.7721
34241,-3.89,-2.64,10.88,-2.6139,-1.2237,4.3315,92342.72,776.21,0.36,5.2050
34302,1.18,1.29,11.79,-1.1507,-3.2968,4.3315,92342.72,776.21,0.25,5.5637
34365,2.84,-2.79,10.12,1.3083,-1.3222,4.3315,92336.66,776.75,2.77,4.7140
34427,7.65,-1.74,6.93,4.3315,3.5510,4.3315,92336.66,776.75,1.94,7.0805
34486,2.53,-5.39,11.23,0.1204,-3.6465,4.3315,92336.66,776.75,1.36,5.6633
34548,3.08,-0.65,7.46,0.7530,-0.0401,2.1943,92336.66,776.75,0.95,2.3203
34607,3.25,-0.29,6.06,-3.2170,-2.7612,-4.3657,92336.66,776.75,0.66,6.0855
34669,4.01,-3.58,9.53,-3.8448,-2.3635,-4.3657,92336.66,776.75,0.47,6.2792
34728,2.67,-5.14,9.28,-3.2842,1.1057,-4.3657,92336.66,776.75,0.33,5.5738
34793,-0.57,-1.57,4.36,-2.5374,-2.7943,-4.3657,92336.66,776.75,0.23,5.7711
34854,2.42,-2.46,10.86,-0.8048,3.7413,-4.3657,92332.31,777.14,2.08,5.8055
34914,-1.25,1.17,8.88,2.7503,4.3315,-4.3657,92332.31,777.14,1.46,6.7369
34975,-5.34,1.44,5.48,0.4179,-0.6984,-0.9188,92332.31,777.14,1.02,1.2274
35040,-5.16,0.56,13.09,-1.9285,-4.3657,4.0805,92332.31,777.14,0.71,6.2793
35101,4.02,-0.79,9.49,-0.3749,-2.0266,4.3315,92332.31,777.14,0.50,4.7968
35164,2.42,-0.06,10.49,0.8699,0.5360,4.3315,92332.31,777.14,0.35,4.4504
35226,9.53,-7.59,12.62,-1.2946,-3.5603,4.3315,92332.31,777.14,0.24,5.7545
35285,11.53,-4.59,11.46,4.3315,0.6559,4.3315,92332.31,777.14,0.17,6.1607
35347,3.67,-5.72,6.87,-1.1654,-0.7714,4.3315,92326.60,777.65,2.60,4.5514
35406,4.68,0.20,1.55,-0.7478,-3.7315,0.9771,92326.60,777.65,1.82,3.9292
35468,6.58,-2.65,7.14,-2.0201,0.2501,-4.3657,92326.60,777.65,1.27,4.8169
35527,6.03,-8.24,13.03,-4.3657,-2.3593,-4.3657,92326.60,777.65,0.89,6.6095
35592,5.75,-6.21,8.90,-3.7211,2.2412,-4.3657,92326.60,777.65,0.62,6.1587
35653,0.96,-2.58,3.98,-3.1201,-1.7011,-4.3657,92326.60,777.65,0.44,5.6293
35713,1.85,-3.83,11.95,0.3388,3.7720,-4.3657,92326.60,777.65,0.31,5.7795
35774,-3.26,1.52,12.11,1.5536,0.9562,-4.3657,92326.60,777.65,0.21,4.7315
35834,-3.72,1.73,3.85,-0.3495,-1.8458,0.3503,92326.60,777.65,0.15,1.9110
35895,2.06,1.57,10.98,-0.1997,-4.3657,4.3315,92322.77,778.00,1.80,6.1531
35955,-2.34,0.78,8.47,-2.0492,-1.6145,4.3315,92322.77,778.00,1.26,5.0564
36020,-1.41,-2.88,7.47,1.0196,-3.4049,4.3315,92322.77,778.00,0.88,5.6031
36079,5.35,-9.56,12.32,4.3315,-1.6669,4.3315,92322.77,778.00,0.62,6.3484
36141,5.25,-1.00,-2.60,0.2417,4.3315,4.3315,92322.77,778.00,0.43,6.1304
36200,1.58,-2.08,8.38,3.2390,-4.3657,4.3315,92322.77,778.00,0.30,6.9507
36262,8.66,-2.12,13.83,-2.0634,2.2264,-1.0064,92322.77,778.00,0.21,3.1980
36321,2.46,-2.48,6.90,-2.5583,-1.7844,-4.3657,92322.77,778.00,0.15,5.3655
36383,7.32,-4.62,4.37,-4.3657,-3.4263,-4.3657,92319.11,778.33,1.69,7.0611
36457,7.19,-4.51,10.59,-1.1157,4.3315,-4.3657,92319.11,778.33,1.18,6.2503
36519,0.29,-2.52,10.25,-2.0665,1.4164,-4.3657,92319.11,778.33,0.83,5.0335
36578,-0.39,-1.33,9.92,1.6366,1.0131,-4.3657,92319.11,778.33,0.58,4.7712
36640,-4.26,0.91,10.90,1.3599,-1.0678,-4.1003,92319.11,778.33,0.41,4.4500
36699,-4.37,-0.19,10.03,-0.7386,-4.1955,2.8373,92319.11,778.33,0.28,5.1184
36761,-1.45,-0.47,8.77,1.2593,-0.3870,4.3315,92319.11,778.33,0.20,4.5274
36820,-3.09,-1.30,10.41,-3.7223,-3.1235,4.3315,92319.11,778.33,0.14,6.5095
36885,7.91,-4.87,5.70,1.0463,-4.3657,4.3315,92315.27,778.67,1.69,6.2383
36946,6.16,-10.99,6.51,4.3315,0.5720,4.3315,92315.27,778.67,1.18,6.1523
37006,5.53,-4.27,15.77,-3.6102,2.3373,4.3315,92315.27,778.67,0.83,6.1039
37072,2.79,0.04,4.39,-3.7141,-4.3657,2.9964,92315.27,778.67,0.58,6.4678
37132,2.23,0.04,4.85,-1.0575,2.1269,-4.3657,92315.27,778.67,0.41,4.9701
37193,5.00,-4.56,4.22,-3.4065,-4.3657,-4.3657,92315.27,778.67,0.28,7.0515
37275,4.54,-5.06,11.63,-2.6028,0.6206,-4.3657,92315.27,778.67,0.20,5.1205
37340,-1.41,-4.71,9.45,-4.1644,2.4760,-4.3657,92315.27,778.67,0.14,6.5217
37399,-0.95,-0.88,7.43,2.4035,2.8878,-4.3657,92312.98,778.88,1.15,5.7598
37461,-4.95,-1.48,12.42,0.5131,0.5199,-4.3657,92312.98,778.88,0.80,4.4264
37520,-3.56,0.05,7.56,-0.5397,-4.2477,1.7917,92312.98,778.88,0.56,4.6416
37582,1.49,1.32,8.88,1.4969,0.3392,4.3315,92312.98,778.88,0.39,4.5954
37641,0.12,-2.35,9.63,0.2938,-1.7448,4.3315,92312.98,778.88,0.27,4.6789
37703,0.85,-0.70,12.39,0.2834,-4.3657,4.3315,92312.98,778.88,0.19,6.1564
37767,7.23,-7.06,11.68,3.0554,-1.8830,4.3315,92312.98,778.88,0.13,5.6252
37827,4.51,-2.00,2.11,-0.2290,-1.2682,4.3315,92312.98,778.88,0.09,4.5191
37888,0.16,-1.96,4.58,2.5362,-3.2694,3.7719,92310.85,779.07,1.00,5.5990
37948,6.78,-1.69,5.30,-3.9073,-0.7795,-3.4568,92310.85,779.07,0.70,5.2749
38009,7.64,-2.79,5.66,-4.2827,0.6955,-4.3657,92310.85,779.07,0.49,6.1551
38069,4.05,-3.85,10.53,2.0363,2.0086,-4.3657,92310.85,779.07,0.34,5.2192
38130,3.34,-0.83,10.78,-4.3657,-0.1875,-4.3657,92310.85,779.07,0.24,6.1769
38193,0.98,-1.26,9.45,-3.4663,4.3315,-4.3657,92310.85,779.07,0.17,7.0595
38255,-3.58,0.41,5.71,0.5975,2.4602,-4.3657,92310.85,779.07,0.12,5.0467
38314,-4.72,0.37,8.76,-1.7577,-1.8722,-1.5222,92310.85,779.07,0.08,2.9852
38376,-3.84,-0.73,13.46,0.2266,-3.8628,4.3315,92310.85,779.07,0.06,5.8081
38435,-1.74,-1.26,9.20,-0.2268,0.2136,4.3315,92307.19,779.40,1.71,4.3427
38497,1.62,-1.47,7.81,-1.0563,-1.8433,4.3315,92307.19,779.40,1.20,4.8244
38556,-3.65,-3.95,9.34,1.4986,-0.4145,4.3315,92307.19,779.40,0.84,4.6021
38621,5.88,-5.81,13.98,0.8404,-4.3657,4.3315,92307.19,779.40,0.59,6.2071
38682,5.17,-2.47,4.39,0.2763,-0.3756,4.3315,92307.19,779.40,0.41,4.3565
38742,4.45,-0.96,8.76,0.1495,-0.4598,1.4325,92307.19,779.40,0.29,1.5119
38803,4.60,-3.66,17.63,-3.0097,-0.2787,-4.3657,92307.19,779.40,0.20,5.3099
38863,8.53,-4.09,9.22,-2.6232,-0.6406,-4.3657,92307.19,779.40,0.14,5.1333
38924,3.48,-5.31,7.53,-2.5747,1.4019,-4.3657,92304.55,779.63,1.27,5.2587
38984,7.90,-0.46,8.50,-0.8556,1.0725,-4.3657,92304.55,779.63,0.89,4.5762
39049,-1.36,-2.43,11.74,-0.7695,3.1632,-4.3657,92304.55,779.63,0.62,5.4459
39113,-2.68,-1.01,12.68,-1.4705,-0.0626,-3.4490,92304.55,779.63,0.43,3.7499
39175,0.37,-1.14,9.42,-3.6777,-2.7627,2.2996,92304.55,779.63,0.30,5.1426
39234,-2.21,-2.68,9.70,-0.5533,1.0400,4.3315,92304.55,779.63,0.21,4.4888
39296,-1.91,-2.16,7.76,-2.4284,0.2493,4.3315,92304.55,779.63,0.15,4.9720
39355,3.48,-3.41,12.02,-1.0365,-2.0121,4.3315,92304.55,779.63,0.10,4.8872
39420,4.80,0.05,8.82,-1.0549,4.3315,4.3315,92303.08,779.77,0.68,6.2158
39481,-3.51,-1.66,11.99,1.4027,4.3315,4.3315,92303.08,779.77,0.48,6.2842
39542,-2.54,1.74,7.78,0.4898,0.1139,0.9554,92303.08,779.77,0.33,1.0796
39603,-0.99,2.76,8.79,-2.5387,-4.2601,-4.3657,92303.08,779.77,0.23,6.6070
39663,-0.77,-1.23,8.58,1.1724,-1.7940,-4.3657,92303.08,779.77,0.16,4.8634
39724,-0.32,-2.19,14.38,0.0654,-0.4918,-4.3657,92303.08,779.77,0.11,4.3938
39784,-0.40,-2.94,7.58,0.2270,-0.2403,-4.3657,92303.08,779.77,0.08,4.3782
39870,-1.09,-4.36,7.13,0.2902,-0.3937,-4.2184,92303.08,779.77,0.06,4.2466
39931,1.42,-3.07,8.92,-0.5538,0.2605,-1.2532,92300.44,780.00,1.20,1.3946
39992,1.04,-4.60,7.02,-0.9774,-0.8066,2.4300,92300.44,780.00,0.84,2.7406
40053,0.61,-5.24,9.79,-0.0056,-0.0285,4.3315,92300.44,780.00,0.59,4.3316
40113,-5.66,-3.31,7.17,-1.9931,2.3867,4.3315,92300.44,780.00,0.41,5.3320
40174,-4.86,-2.83,14.15,-0.9232,1.8540,4.3315,92300.44,780.00,0.29,4.8012
40235,-0.88,-2.25,15.12,0.3397,-1.4514,4.3315,92300.44,780.00,0.20,4.5808
40300,0.88,1.69,8.39,-0.4680,1.1578,2.3899,92300.44,780.00,0.14,2.6965
40359,-4.15,0.76,13.08,0.8789,-0.1214,-1.8162,92300.44,780.00,0.10,2.0214
40421,-1.02,1.15,7.17,0.5805,-2.8653,-4.3657,92300.19,780.02,0.18,5.2542
40480,-5.23,-3.16,14.01,0.0666,-4.0795,-4.3657,92300.19,780.02,0.12,5.9755
40542,1.16,-2.89,12.60,-0.4976,-0.4330,-4.3657,92300.19,780.02,0.09,4.4153
40601,-2.29,-1.80,11.01,0.4748,-0.1535,-4.3657,92300.19,780.02,0.06,4.3941
40663,1.53,-2.07,4.33,-0.5652,-2.4102,-3.0834,92300.19,780.02,0.04,3.9542
40727,-1.47,-4.26,8.99,-1.4830,-0.2126,0.2049,92300.19,780.02,0.03,1.5121
40788,-2.14,-4.29,9.48,-2.3092,1.2874,2.6360,92300.19,780.02,0.02,3.7334
40849,-0.84,-3.15,10.12,-1.6952,0.9046,4.3232,92300.19,780.02,0.01,4.7310
40910,-1.39,-1.32,13.46,-1.0391,0.5002,4.3315,92300.19,780.02,0.01,4.4824
40971,-5.63,-2.75,10.89,0.8788,0.3110,4.3315,92299.55,780.08,0.29,4.4307
41031,-0.90,0.55,10.02,2.5611,1.4156,3.7553,92299.55,780.08,0.20,4.7608
41092,1.60,0.10,12.73,-0.1632,0.7718,0.7108,92299.55,780.08,0.14,1.0619
41160,-2.70,0.55,10.53,0.9726,-2.1249,-1.1313,92299.55,780.08,0.10,2.5963
41222,-0.45,0.69,5.84,-0.2814,-3.9664,-2.5210,92299.55,780.08,0.07,4.7082
41281,-1.92,-2.55,13.46,1.1469,-2.2172,-1.2521,92299.55,780.08,0.05,2.7927
41343,1.08,-1.86,13.31,-1.0345,0.7109,-1.1114,92299.55,780.08,0.03,1.6766
41402,-5.43,-0.45,6.14,0.0548,-1.5657,-0.5665,92299.55,780.08,0.02,1.6660
41464,-2.25,0.22,10.02,-0.9394,-3.0303,0.7024,92295.53,780.44,1.76,3.2494
41523,2.48,-0.78,16.63,-0.4165,2.5738,1.6084,92295.53,780.44,1.23,3.0634
41588,-1.53,-1.51,11.51,-0.7874,3.1632,2.3732,92295.53,780.44,0.86,4.0321
41649,-3.01,-2.60,5.74,0.2959,1.8430,2.5383,92295.53,780.44,0.60,3.1508
41710,-2.57,-0.97,11.46,-0.4638,0.8700,1.5933,92295.53,780.44,0.42,1.8737
41771,-0.59,0.96,11.07,1.5540,2.6402,0.2368,92295.53,780.44,0.30,3.0728
41831,-0.51,2.89,15.13,1.1551,1.2957,-2.1269,92295.53,780.44,0.21,2.7453
41892,-3.07,3.56,10.19,0.9666,-0.7441,-3.7077,92295.53,780.44,0.15,3.9032
41952,-4.89,-0.59,10.61,-0.1609,-3.2241,-3.7963,92293.89,780.59,0.84,4.9832
42017,2.58,-1.88,6.51,-0.4771,-1.1724,-3.2127,92293.89,780.59,0.59,3.4531
42076,-1.47,-2.04,9.63,1.4686,-1.0339,-2.8703,92293.89,780.59,0.41,3.3859
42138,-4.24,0.93,1.33,1.6089,-4.3657,-0.8881,92293.89,780.59,0.29,4.7368
42197,-1.24,-3.72,11.81,0.2799,-3.4115,3.9828,92293.89,780.59,0.20,5.2516
42259,1.63,-1.65,9.75,1.2155,-3.5526,4.3315,92293.89,780.59,0.14,5.7324
42318,0.68,0.91,7.07,1.7545,-0.7376,4.3315,92293.89,780.59,0.10,4.7312
42380,-1.49,-1.41,11.23,1.4382,2.7200,4.3315,92293.89,780.59,0.07,5.3131
42437,-0.59,-2.66,6.54,-1.2568,-2.6259,3.8006,92293.89,780.59,0.05,4.7874
42499,5.91,-0.64,10.37,4.3315,2.0423,-2.0707,92288.80,781.05,2.25,5.2173
42558,3.27,-1.78,10.05,1.3306,1.3872,-4.3657,92288.80,781.05,1.57,4.7701
42620,4.77,-0.67,8.39,0.6278,1.8698,-4.3657,92288.80,781.05,1.10,4.7906
42679,2.16,-4.71,9.48,1.3672,4.1404,-4.3657,92288.80,781.05,0.77,6.1702
42741,-1.80,0.23,7.03,0.4000,-1.0327,-4.3657,92288.80,781.05,0.54,4.5040
42805,0.82,-2.70,8.28,-0.4522,-2.3495,-4.3657,92288.80,781.05,0.38,4.9784
42865,-0.82,-2.11,12.77,0.7530,-0.8450,-2.1246,92288.80,781.05,0.26,2.4073
42926,-3.07,-1.74,9.72,0.6615,-0.5173,1.8182,92288.80,781.05,0.19,2.0028
42986,-4.12,-0.34,7.07,0.2018,-3.3076,4.3315,92284.97,781.39,1.85,5.4537
43047,6.35,-0.32,6.17,2.3711,-4.3657,4.3315,92284.97,781.39,1.29,6.5912
43108,1.35,-1.44,10.26,1.9525,4.3315,4.3315,92284.97,781.39,0.91,6.4293
43174,-2.29,-1.15,8.47,-4.3657,-4.3657,4.3315,92284.97,781.39,0.63,7.5419
43251,10.79,1.86,13.58,4.3315,3.2159,-0.3874,92284.97,781.39,0.44,5.4087
43313,3.38,-3.14,3.04,-0.7041,-1.3603,-3.6333,92284.97,781.39,0.31,3.9430
43375,5.58,-1.44,8.09,-1.8925,-1.0055,-4.3657,92284.97,781.39,0.22,4.8634
43437,1.89,-3.69,7.14,-0.0369,2.2993,-4.3657,92284.97,781.39,0.15,4.9343
43499,-0.76,-2.79,8.30,-0.0538,-0.7252,-4.3657,92281.78,781.68,1.49,4.4259
43561,-0.86,-2.49,10.79,0.1776,0.9538,-4.3657,92281.78,781.68,1.04,4.4722
43623,-1.79,0.88,7.79,0.2886,0.8402,-2.7881,92281.78,781.68,0.73,2.9262
43690,-1.52,-2.32,5.29,-0.2398,-1.8181,0.7572,92281.78,781.68,0.51,1.9840
43751,-2.80,0.17,10.95,0.0922,-0.6235,3.5539,92281.78,781.68,0.36,3.6094
43815,-4.65,-1.44,7.35,-0.3806,-0.3158,4.3315,92281.78,781.68,0.25,4.3596
43876,-1.41,-0.80,12.02,1.1710,-1.1245,4.3315,92281.78,781.68,0.18,4.6257
43940,2.69,-0.74,10.67,1.2513,2.0901,4.3315,92281.78,781.68,0.12,4.9695
44001,2.57,0.01,6.70,1.6351,-1.7902,4.3315,92279.42,781.89,1.13,4.9639
44065,5.41,-1.70,9.71,0.7580,-1.4532,1.6920,92279.42,781.89,0.79,2.3557
44130,4.21,-0.90,7.15,0.2506,-0.6376,-4.0320,92279.42,781.89,0.55,4.0898
44192,4.84,-0.55,12.62,-1.5279,-2.8994,-4.3657,92279.42,781.89,0.39,5.4590
44254,3.66,-1.29,12.85,-3.2317,-0.4936,-4.3657,92279.42,781.89,0.27,5.4541
44316,2.68,0.16,10.14,-0.4603,-0.4684,-4.3657,92279.42,781.89,0.19,4.4148
44378,1.78,-1.10,12.02,-0.7902,0.2799,-4.3657,92279.42,781.89,0.13,4.4455
44440,3.39,-1.57,12.24,0.7080,-1.1295,-4.3657,92279.42,781.89,0.09,4.5647
44502,-0.86,0.15,9.12,-1.0028,-0.4235,0.0136,92275.05,782.28,1.96,1.0887
44567,1.38,-0.91,11.15,-0.2495,-1.7794,3.8204,92275.05,782.28,1.38,4.2219
44631,0.88,-0.99,10.40,-0.7830,0.5352,4.3315,92275.05,782.28,0.96,4.4341
44691,-1.14,-3.84,9.92,0.2101,2.8635,4.3315,92275.05,782.28,0.67,5.1967
44755,-0.62,-1.35,11.17,2.3144,-2.0159,4.3315,92275.05,782.28,0.47,5.3087
44816,6.05,0.39,2.21,1.8457,1.5909,4.3315,92275.05,782.28,0.33,4.9698
44879,1.14,-0.54,8.97,1.3707,-2.8373,3.4154,92275.05,782.28,0.23,4.6469
44940,9.65,-1.87,10.86,-0.6897,-0.5445,-3.0487,92275.05,782.28,0.16,3.1729
45008,0.51,-2.15,10.11,-2.3068,0.0931,-4.3657,92271.19,782.63,1.64,4.9386
45069,1.48,-4.12,8.28,-4.1271,-4.3657,-4.3657,92271.19,782.63,1.15,7.4264
45130,8.66,-4.00,11.66,-2.7655,1.9533,-4.3657,92271.19,782.63,0.81,5.5247
45197,1.57,-1.74,9.35,2.2412,-2.3358,-4.3657,92271.19,782.63,0.56,5.4349
45259,0.74,1.54,9.74,-0.7641,-2.7310,-4.3657,92271.19,782.63,0.39,5.2059
45321,1.55,-2.27,12.49,-0.2237,1.0760,-0.8434,92271.19,782.63,0.28,1.3853
45383,2.99,1.26,5.22,-1.9120,-1.2337,2.1666,92271.19,782.63,0.19,3.1420
45450,4.91,-2.44,10.53,-2.0756,-1.9434,4.3315,92271.19,782.63,0.14,5.1814
45511,-0.90,-3.51,13.17,2.3481,-0.9221,4.3315,92266.81,783.02,2.02,5.0125
45575,5.30,-3.95,19.46,3.6749,4.3315,4.3315,92266.81,783.02,1.42,7.1434
45636,-0.59,-0.78,-0.21,1.4709,-3.0402,4.3315,92266.81,783.02,0.99,5.4925
45700,8.37,-7.07,17.18,1.4306,-3.3095,4.3315,92266.81,783.02,0.69,5.6357
45761,6.30,3.53,1.09,-1.6025,-0.8258,-0.0761,92266.81,783.02,0.49,1.8044
45825,5.12,-3.63,9.51,-2.4556,-0.7545,-4.3657,92266.81,783.02,0.34,5.0654
45890,7.15,-4.64,13.17,-4.3657,-2.0919,-4.3657,92266.81,783.02,0.24,6.5188
45952,5.07,-3.77,11.25,-3.8088,-1.8730,-4.3657,92266.81,783.02,0.17,6.0889
46014,2.67,-2.92,11.46,-0.1747,-0.9750,-4.3657,92263.66,783.31,1.49,4.4767
46076,-1.20,-1.71,11.03,0.3347,-0.0917,-4.3657,92263.66,783.31,1.04,4.3795
46138,-1.91,-0.75,9.06,-1.2265,0.4655,-3.3929,92263.66,783.31,0.73,3.6377
46200,-5.81,1.00,7.99,-0.7761,-1.2653,1.9476,92263.66,783.31,0.51,2.4487
46266,-2.03,-0.23,8.70,-3.1424,-4.3657,4.3315,92263.66,783.31,0.36,6.9062
46327,1.06,-4.61,15.50,-1.8979,0.5653,4.3315,92263.66,783.31,0.25,4.7627
46391,7.63,-3.33,7.27,3.6126,1.4009,4.3315,92263.66,783.31,0.18,5.8116
46452,-1.76,-5.53,13.89,4.3315,4.3315,4.3315,92263.66,783.31,0.12,7.5023
46516,0.51,-1.43,5.98,-2.0777,-4.3657,4.3315,92260.48,783.59,1.42,6.4914
46576,4.99,-3.17,10.54,3.7219,-2.5191,3.5567,92260.48,783.59,1.00,5.7314
46640,3.26,0.79,13.50,-3.5582,4.3315,-2.4440,92260.48,783.59,0.70,6.1152
46716,5.25,-4.12,8.99,-4.3657,-3.1645,-4.3657,92260.48,783.59,0.49,6.9378
46781,3.97,-4.44,10.11,-4.3657,-2.6676,-4.3657,92260.48,783.59,0.34,6.7257
46843,6.78,-2.95,15.76,-0.0508,0.3317,-4.3657,92260.48,783.59,0.24,4.3786
46908,-1.62,-1.33,8.88,-2.0468,-3.8760,-4.3657,92260.48,783.59,0.17,6.1864
46970,6.63,-1.16,7.88,-1.6414,0.5941,-3.7691,92260.48,783.59,0.12,4.1537
47035,-2.99,-0.72,10.71,1.1816,-0.7261,1.2946,92256.30,783.97,1.81,1.8972
47097,-1.98,1.08,10.62,-3.8047,-2.6917,4.3315,92256.30,783.97,1.27,6.3626
47164,-0.02,-6.92,14.66,-0.5582,3.0262,4.3315,92256.30,783.97,0.89,5.3133
47231,5.37,-4.95,8.80,4.3315,3.4272,4.3315,92256.30,783.97,0.62,7.0192
47293,2.24,-2.54,1.50,4.2924,-0.8880,4.3315,92256.30,783.97,0.44,6.1624
47355,6.00,-3.94,11.38,0.9952,-4.3657,4.3315,92256.30,783.97,0.31,6.2299
47417,1.59,1.13,3.19,-0.1023,2.1914,1.6249,92256.30,783.97,0.21,2.7300
47479,2.06,0.87,-1.56,-3.1167,1.9272,-4.3657,92256.30,783.97,0.15,5.6998
47541,4.90,-3.13,8.24,-4.3657,-2.8759,-4.3657,92251.09,784.43,2.37,6.8110
47607,5.93,-4.40,15.46,-4.3657,-0.8751,-4.3657,92251.09,784.43,1.66,6.2358
47667,-3.21,-0.82,9.57,-2.5251,-2.1833,-4.3657,92251.09,784.43,1.16,5.4957
47730,-4.22,-0.78,10.76,1.0798,-4.2474,-4.3657,92251.09,784.43,0.81,6.1860
47790,1.51,-4.39,14.92,-0.9306,-0.9407,-1.6641,92251.09,784.43,0.57,2.1261
47854,-4.95,-0.10,9.07,0.0340,-0.7304,4.3234,92251.09,784.43,0.40,4.3847
47914,0.79,0.73,5.85,-2.0628,-0.7416,4.3315,92251.09,784.43,0.28,4.8546
47977,3.90,-5.52,10.52,4.3315,-0.5817,4.3315,92251.09,784.43,0.19,6.1532
48042,5.51,-0.96,19.46,2.8297,4.3315,4.3315,92247.58,784.75,1.59,6.7476
48104,0.68,-2.18,4.89,4.0338,-4.3657,4.3315,92247.58,784.75,1.12,7.3548
48166,2.34,0.64,7.63,3.7630,-1.3506,4.3315,92247.58,784.75,0.78,5.8946
48228,3.25,-1.88,14.69,-1.4170,-1.9870,-0.7685,92247.58,784.75,0.55,2.5587
48290,1.74,-1.99,8.86,-3.1881,-0.3111,-4.3657,92247.58,784.75,0.38,5.4148
48352,4.04,-1.85,4.01,-4.3417,0.6640,-4.3657,92247.58,784.75,0.27,6.1928
48414,0.48,-3.57,13.88,-2.8324,-3.1229,-4.3657,92247.58,784.75,0.19,6.0691
48479,7.65,-1.98,11.14,-2.6291,-0.4057,-4.3657,92247.58,784.75,0.13,5.1123
48542,0.90,-0.45,10.52,0.6575,-4.2064,-4.3657,92241.53,785.29,2.68,6.0980
48602,-0.58,-3.99,14.25,-1.5752,-0.8127,1.1125,92241.53,785.29,1.87,2.0927
48666,-1.87,-1.96,11.07,0.2966,-2.1421,4.3315,92241.53,785.29,1.31,4.8413
48726,5.80,-4.24,13.54,-0.4850,-1.1972,4.3315,92241.53,785.29,0.92,4.5200
48790,3.03,-5.13,16.42,4.0285,3.0371,4.3315,92241.53,785.29,0.64,6.6494
48850,3.34,-0.99,12.80,2.8072,4.3315,4.3315,92241.53,785.29,0.45,6.7382
48916,-1.07,0.23,5.50,4.3315,-3.6918,4.3315,92241.53,785.29,0.32,7.1521
48978,1.37,0.04,7.48,0.3431,-1.8804,3.5160,92241.53,785.29,0.22,4.0020
49040,1.51,-2.67,12.31,1.1800,-3.7903,-0.8467,92241.53,785.76,2.41,4.0590
49102,0.57,-0.31,5.17,-2.2416,-0.1258,-4.3657,92236.33,785.76,1.69,4.9092
49164,5.05,-2.23,4.65,-0.9509,-1.0764,-4.3657,92236.33,785.76,1.18,4.5959
49226,5.45,0.66,8.99,-2.4075,-2.8169,-4.3657,92236.33,785.76,0.83,5.7263
49293,2.11,-4.01,9.39,-2.8009,0.8286,-4.3657,92236.33,785.76,0.58,5.2527
49359,-1.19,-1.34,9.16,-0.2894,-1.3154,-3.5950,92236.33,785.76,0.41,3.8390
49419,2.76,-0.19,6.36,-2.8205,-4.3657,-0.2265,92236.33,785.76,0.28,5.2025
49482,3.77,-2.86,12.32,0.5991,0.2097,4.0302,92236.33,785.76,0.20,4.0799
49542,3.09,-3.03,9.87,-2.1790,0.4361,4.3315,92236.33,785.76,0.14,4.8683
49605,2.43,-2.85,8.32,2.1702,-1.5713,4.3315,92232.02,786.15,1.94,5.0932
49665,6.19,-1.52,10.64,4.2069,4.3315,4.3315,92232.02,786.15,1.36,7.4311
49728,-2.58,0.65,7.64,3.5353,-2.7649,4.3315,92232.02,786.15,0.95,6.2374
49793,2.08,-0.68,10.93,-0.3404,-3.1897,3.9636,92232.02,786.15,0.67,5.0991
49855,-0.34,-1.90,11.91,1.1029,-1.7452,-1.1710,92232.02,786.15,0.47,2.3734
49917,6.24,-2.45,10.80,-1.3639,-4.3657,-4.3657,92232.02,786.15,0.33,6.3229
49979,4.97,-3.09,10.30,-2.6826,-0.1411,-4.3657,92232.02,786.15,0.23,5.1260
50041,4.70,-1.14,8.07,-2.0127,-2.0019,-4.3657,92232.02,786.15,0.16,5.2075
50103,3.82,0.91,5.94,-1.3340,-1.2717,-4.3657,92226.62,786.63,2.46,4.7388
50180,4.45,1.63,9.51,-1.4216,-2.1687,-4.3657,92226.62,786.63,1.72,5.0778
50242,3.92,-1.01,8.72,-1.6385,-2.9477,-0.7711,92226.62,786.63,1.20,3.4595
50304,4.44,-0.10,9.87,-2.3426,-1.7011,2.4208,92226.62,786.63,0.84,3.7738
50366,1.60,-0.75,9.55,-0.6528,0.8130,4.3315,92226.62,786.63,0.59,4.4552
50428,3.44,-3.84,9.94,-1.3999,0.1872,4.3315,92226.62,786.63,0.41,4.5559
50490,7.62,-1.90,9.05,4.3315,0.7152,4.3315,92226.62,786.63,0.29,6.1672
50552,3.67,-4.00,11.49,3.7461,4.3315,4.3315,92226.62,786.63,0.20,7.1803
50617,-1.65,1.70,7.16,0.7899,-4.3657,4.3315,92222.47,787.01,1.86,6.2004
50681,3.60,-2.44,14.24,-1.6506,-4.0592,-0.6118,92222.47,787.01,1.30,4.4244
50741,8.18,-2.46,8.42,-1.9429,-1.3187,-4.3657,92222.47,787.01,0.91,4.9572
50804,7.11,-1.39,10.43,-2.5536,-4.3657,-4.3657,92222.47,787.01,0.64,6.6813
50864,4.08,-1.25,8.46,-3.3902,-2.6802,-4.3657,92222.47,787.01,0.45,6.1430
50928,3.95,-2.26,13.99,-3.4343,-1.1548,-4.3657,92222.47,787.01,0.31,5.6734
50988,2.45,-1.80,10.26,-0.1495,-1.5867,-4.3657,92222.47,787.01,0.22,4.6475
51054,0.58,0.20,10.92,-0.4006,-2.1154,-4.3657,92222.47,787.01,0.15,4.8678
51116,0.08,1.56,10.41,-1.8278,-2.4769,0.4707,92218.27,787.38,1.93,3.1141
51178,1.88,1.57,9.28,-1.3731,-3.5214,4.3315,92218.27,787.38,1.35,5.7487
51240,6.68,1.50,10.07,0.0478,-0.0081,4.3315,92218.27,787.38,0.95,4.3318
51307,6.09,-5.75,13.51,1.1198,1.8411,4.3315,92218.27,787.38,0.66,4.8379
51369,2.61,-4.31,6.97,4.3315,-1.4186,4.3315,92218.27,787.38,0.46,6.2878
51431,3.60,-4.62,5.01,2.6959,-1.2105,4.3315,92218.27,787.38,0.32,5.2436
51497,6.41,1.09,11.11,-4.3657,-2.3545,2.9403,92218.27,787.38,0.23,5.7661
51557,0.07,-1.83,4.35,-4.3657,-0.6312,-4.1431,92218.27,787.38,0.16,6.0517
51620,1.91,-3.77,9.82,-0.4000,-1.2865,-4.3657,92212.73,787.88,2.48,4.5689
51680,1.87,-6.98,16.86,-4.3657,-2.5642,-4.3657,92212.73,787.88,1.74,6.6854
51744,2.48,-5.04,13.29,-3.1508,-1.7170,-4.3657,92212.73,787.88,1.22,5.6511
51804,0.51,-3.07,8.06,-1.2835,1.7138,-4.3657,92212.73,787.88,0.85,4.8625
51867,-3.49,-1.12,10.73,2.8797,0.3565,-4.3657,92212.73,787.88,0.60,5.2420
51932,-3.64,1.93,9.19,1.5214,-2.3968,-0.3084,92212.73,787.88,0.42,2.8556
51994,-2.06,0.03,10.82,-1.6802,-1.9858,4.3315,92212.73,787.88,0.29,5.0525
52056,-3.00,-0.36,7.09,-2.9699,-3.0382,4.3315,92212.73,787.88,0.20,6.0673
52118,4.35,-3.24,7.85,1.5950,-0.7843,4.3315,92207.88,788.32,2.26,4.6820
52180,5.73,-6.90,11.85,4.3315,-2.6617,4.3315,92207.88,788.32,1.58,6.6789
52242,0.82,-4.79,2.07,-0.4109,3.2863,4.3315,92207.88,788.32,1.11,5.4525
52304,-2.53,-1.39,14.39,3.3442,-4.3657,4.3315,92207.88,788.32,0.77,7.0004
52369,3.58,-2.81,4.75,-2.5246,2.3160,0.0404,92207.88,788.32,0.54,3.4262
52432,1.20,-2.60,8.67,-1.8775,0.3801,-4.3657,92207.88,788.32,0.38,4.7675
52492,3.38,-4.48,8.88,-4.3657,-2.4392,-4.3657,92207.88,788.32,0.27,6.6384
52555,5.31,-5.95,9.67,-2.0805,3.0101,-4.3657,92207.88,788.32,0.19,5.6964
52615,-3.51,-4.63,6.18,-2.6376,-0.7903,-4.3657,92203.33,788.73,2.17,5.1615
52678,-1.61,-2.34,11.57,-0.1227,-0.0625,-4.3657,92203.33,788.73,1.52,4.3679
52738,-0.11,2.43,12.03,1.8959,-0.1280,-4.2280,92203.33,788.73,1.07,4.6353
52804,-3.71,2.82,3.74,-2.8810,-1.9113,2.6381,92203.33,788.73,0.75,4.3489
52866,0.02,0.42,7.76,-0.8608,-4.3657,4.3315,92203.33,788.73,0.52,6.2099
52928,2.47,-0.42,8.28,-0.4327,-0.8488,4.3315,92203.33,788.73,0.37,4.4350
52990,2.93,-6.09,11.72,4.3315,0.4132,4.3315,92203.33,788.73,0.26,6.1396
53052,6.46,-4.01,5.70,3.5527,0.8607,4.3315,92203.33,788.73,0.18,5.6678
53114,2.23,-2.76,12.28,-0.0552,-4.3657,4.3315,92195.91,789.39,3.35,6.1501
53176,4.38,1.13,6.99,-1.5568,-1.7910,4.3315,92195.91,789.39,2.35,4.9389
53242,4.63,-1.91,0.51,-1.4703,1.6213,-4.3657,92195.91,789.39,1.64,4.8836
53302,6.62,-3.30,10.48,-4.3657,-1.3169,-4.3657,92195.91,789.39,1.15,6.3129
53371,4.05,-6.07,6.14,-4.3657,2.7295,-4.3657,92195.91,789.39,0.81,6.7505
53431,4.06,-3.79,9.73,-2.7709,-2.7263,-4.3657,92195.91,789.39,0.56,5.8455
53495,-1.38,-2.83,8.03,-2.0010,-0.1407,-4.3657,92195.91,789.39,0.39,4.8045
53555,-1.61,-1.27,11.50,0.5927,-0.5335,-4.3657,92195.91,789.39,0.28,4.4380
53618,-3.79,0.82,2.14,-1.4209,-1.6106,0.2332,92189.13,790.00,3.09,2.1604
53689,-0.30,-1.05,7.64,-2.7272,-2.9346,4.3315,92189.13,790.00,2.17,5.9001
53751,0.88,-6.15,15.68,2.8035,0.8942,4.3315,92189.13,790.00,1.52,5.2365
53813,3.56,-5.88,17.29,2.9696,4.3315,4.3315,92189.13,790.00,1.06,6.8075
53875,2.79,-2.27,3.22,3.5502,-2.2969,4.3315,92189.13,790.00,0.74,6.0532
53937,8.37,-3.32,11.15,1.5082,-4.3657,4.3315,92189.13,790.00,0.52,6.3321
53999,7.29,2.70,2.82,1.6044,2.9796,3.1113,92189.13,790.00,0.36,4.5970
54064,2.91,0.45,9.49,-1.7632,-0.3481,-4.3657,92189.13,790.00,0.25,4.7212
54128,5.99,-3.97,7.41,-4.3657,-0.8495,-4.3657,92183.58,790.50,2.52,6.2322
54188,0.61,-7.28,16.96,-4.3657,4.3315,-4.3657,92183.58,790.50,1.76,7.5419
54251,2.40,-2.55,8.79,-2.0927,-4.3657,-4.3657,92183.58,790.50,1.23,6.5191
54311,17.14,-0.62,9.93,-2.2010,1.0536,-4.3657,92183.58,790.50,0.86,5.0014
54375,3.16,0.00,9.90,-0.8817,-2.0471,-4.3657,92183.58,790.50,0.60,4.9018
54435,2.42,2.01,4.30,0.7798,-0.9302,-0.5957,92183.58,790.50,0.42,1.3521
54501,1.59,-0.67,10.59,0.7330,-3.6828,4.3315,92183.58,790.50,0.30,5.7325
54563,1.02,-1.92,8.58,0.8921,0.6427,4.3315,92183.58,790.50,0.21,4.4689
54625,1.34,-5.96,15.69,2.7859,4.3315,4.3315,92182.39,790.91,2.12,6.7294
54687,4.79,-5.99,5.59,2.1420,-2.5073,4.3315,92179.03,790.91,1.49,5.4439
54749,8.73,-2.24,9.33,4.3315,0.0337,4.3315,92179.03,790.91,1.04,6.1257
54811,2.27,4.47,3.26,-0.6225,-0.9441,3.2226,92179.03,790.91,0.73,3.4152
54873,2.32,-2.10,8.48,0.8242,-2.9877,-2.0264,92179.03,790.91,0.51,3.7030
54939,8.17,-2.60,9.49,-4.3636,-1.6541,-4.3657,92179.03,790.91,0.36,6.3903
54999,-0.37,-4.00,13.39,-2.3084,-0.4337,-4.3657,92179.03,790.91,0.25,4.9574
55063,3.72,-0.50,12.93,-4.1187,-3.3139,-4.3657,92179.03,790.91,0.17,6.8560
55123,1.98,-2.92,12.86,-2.4909,-2.1801,-4.3657,92179.03,790.91,0.12,5.4788
55186,1.70,0.05,12.47,-0.6362,-2.6616,-4.3657,92175.55,791.22,1.57,5.1525
55246,0.88,-0.45,12.32,1.3051,-0.4694,-3.9382,92175.55,791.22,1.10,4.1753
55310,-0.46,-0.64,11.37,0.0810,-1.5753,0.8636,92175.55,791.22,0.77,1.7983
55380,0.06,-0.31,10.26,-0.8976,-3.3053,4.3315,92175.55,791.22,0.54,5.5220
55442,4.57,-2.38,10.06,1.2530,-0.2380,4.3315,92175.55,791.22,0.38,4.5154
55504,0.23,-4.19,9.32,4.3315,3.9231,4.3315,92175.55,791.22,0.26,7.2742
55566,4.65,-8.14,13.01,0.8124,-2.2427,4.3315,92175.55,791.22,0.19,4.9448
55628,3.08,-3.61,5.57,4.3315,0.8366,4.3315,92175.55,791.22,0.13,6.1825
55690,-0.56,0.05,4.99,1.2938,-1.0941,2.8189,92170.63,791.67,2.23,3.2890
55752,5.05,-2.18,8.94,-0.6499,-2.2148,-2.8910,92170.63,791.67,1.56,3.6994
55817,3.49,-5.02,13.01,-3.2464,0.0352,-4.3657,92170.63,791.67,1.09,5.4406
55881,4.18,-6.03,11.01,-4.3657,-3.1538,-4.3657,92170.63,791.67,0.77,6.9330
55941,3.28,-1.17,11.89,-0.9643,-1.4870,-4.3657,92170.63,791.67,0.54,4.7118
56005,2.29,-0.36,8.44,-1.4264,-2.2155,-4.3657,92170.63,791.67,0.38,5.0993
56065,3.70,-1.47,12.12,0.0685,0.5109,-4.3657,92170.63,791.67,0.26,4.3961
56129,-0.30,0.05,10.78,-0.0750,0.2645,-0.5385,92170.63,791.67,0.18,0.6046
56189,-0.56,0.92,8.38,-1.3360,-1.5202,3.9702,92167.13,791.98,1.70,4.4562
56256,3.68,-0.92,9.70,0.5500,-2.2744,4.3315,92167.13,791.98,1.19,4.9231
56318,8.12,-5.53,12.30,3.5248,4.3315,4.3315,92167.13,791.98,0.83,7.0673
56380,4.01,-4.04,7.90,1.2067,0.9613,4.3315,92167.13,791.98,0.58,4.5980
56442,4.45,-8.12,9.38,3.9075,-1.0324,4.3315,92167.13,791.98,0.41,5.9242
56504,-4.32,-0.99,7.69,2.7200,-1.0892,4.3315,92167.13,791.98,0.29,5.2294
56566,2.04,-1.79,8.35,-4.3657,-1.0513,1.5316,92167.13,791.98,0.20,4.7445
56628,3.61,-1.86,11.68,0.3878,-0.8126,-4.3657,92167.13,791.98,0.14,4.4576
56694,4.45,-8.04,14.14,-4.3657,-2.6665,-4.3657,92161.40,792.49,2.44,6.7253
56754,4.27,-4.87,4.82,-4.3657,0.4884,-4.3657,92161.40,792.49,1.71,6.1934
56817,2.57,-0.06,8.20,-1.3751,-0.6756,-4.3657,92161.40,792.49,1.20,4.6268
56877,1.87,-0.13,9.51,-3.3626,-1.8447,-4.3657,92161.40,792.49,0.84,5.8112
56941,4.14,0.68,7.76,-0.8294,0.7817,-4.3657,92161.40,792.49,0.59,4.5120
57001,1.02,1.93,8.32,-0.9130,-0.8320,1.0837,92161.40,792.49,0.41,1.6433
57065,0.02,-0.28,9.13,-2.3914,-4.3657,4.3315,92161.40,792.49,0.29,6.5985
57140,5.06,-4.02,14.20,0.5056,0.9823,4.3315,92161.40,792.49,0.20,4.4702
57204,6.82,-4.90,5.05,4.3315,1.0373,4.3315,92157.00,792.89,1.99,6.2129
57264,4.42,-7.18,13.97,2.3359,2.8562,4.3315,92157.00,792.89,1.40,5.6900
57328,-1.70,1.87,-1.14,-0.3206,-4.3657,4.3315,92157.00,792.89,0.98,6.1582
57393,4.01,-1.14,4.37,1.1726,0.4743,0.9542,92157.00,792.89,0.68,1.5844
57457,-2.74,-1.11,11.39,-4.3657,0.6106,-4.3657,92157.00,792.89,0.48,6.2042
57517,1.83,-3.88,3.99,-4.3657,-4.3657,-4.3657,92157.00,792.89,0.34,7.5617
57583,6.59,-5.01,9.36,-4.3657,1.5032,-4.3657,92157.00,792.89,0.23,6.3544
57645,5.77,-4.26,14.32,-0.1210,0.0614,-4.3657,92157.00,792.89,0.16,4.3678
57707,2.49,-1.29,9.80,-2.6561,-1.9408,-4.3657,92152.63,793.28,2.02,5.4664
57769,1.21,-2.02,10.58,-1.5252,-0.3844,-4.3657,92152.63,793.28,1.41,4.6404
57831,-0.15,-1.11,12.36,1.6887,0.8211,0.0437,92152.63,793.28,0.99,1.8783
57893,-0.17,-1.06,9.48,-4.0608,-4.3657,4.3315,92152.63,793.28,0.69,7.3696
57955,3.68,-1.44,12.99,0.9286,-2.8494,4.3315,92152.63,793.28,0.48,5.2672
58021,3.93,-6.38,11.28,1.1786,-2.4732,4.3315,92152.63,793.28,0.34,5.1252
58081,3.20,-5.47,9.08,4.3315,4.3315,4.3315,92152.63,793.28,0.24,7.5023
58145,-1.75,-2.99,11.64,3.7639,-1.2292,4.3315,92152.63,793.28,0.17,5.8685
58205,4.14,-6.49,17.94,-4.3657,-4.3657,4.3315,92147.03,793.79,2.63,7.5419
58269,3.81,0.75,4.27,-0.8220,3.9005,-2.0251,92147.03,793.79,1.84,4.4711
58329,2.40,-3.99,7.78,-3.9318,-0.3916,-4.3657,92147.03,793.79,1.29,5.8883
58393,0.94,-8.07,13.22,-4.3657,-2.1068,-4.3657,92147.03,793.79,0.90,6.5236
58458,3.58,-6.86,7.01,-4.3657,1.9333,-4.3657,92147.03,793.79,0.63,6.4697
58520,2.94,-2.98,9.02,-1.6262,-1.7892,-4.3657,92147.03,793.79,0.44,4.9905
58582,1.24,-1.29,7.78,-3.4464,-1.0325,-4.3657,92147.03,793.79,0.31,5.6572
58644,-2.82,-3.46,12.83,-1.1714,1.9934,-3.1652,92147.03,793.79,0.22,3.9197
58706,-4.52,2.85,3.83,0.2581,-0.2737,3.4867,92142.82,794.16,1.98,3.5069
58768,-0.82,-1.34,12.35,-4.3657,-4.3657,4.3315,92142.82,794.16,1.39,7.5419
58834,0.04,-1.89,10.78,1.7805,-1.0106,4.3315,92142.82,794.16,0.97,4.7909
58894,3.84,-8.41,9.73,4.3315,2.1328,4.3315,92142.82,794.16,0.68,6.4863
58958,0.44,-3.37,2.84,-0.0043,3.6830,4.3315,92142.82,794.16,0.48,5.6856
59018,0.40,2.26,3.34,2.4740,-4.3657,4.3315,92142.82,794.16,0.33,6.6289
59081,3.91,-4.73,5.43,-1.5364,-3.2290,3.5866,92142.82,794.16,0.23,5.0646
59141,-5.90,-0.20,-3.28,-1.1655,3.7927,-2.8643,92142.82,794.16,0.16,4.8936
59205,-2.40,-4.83,10.94,-2.9968,-0.4565,-4.3657,92136.55,794.73,2.76,5.3149
59270,3.05,-6.69,5.38,-4.3657,-2.5939,-4.3657,92136.55,794.73,1.93,6.6968
59332,3.54,-6.68,5.15,-4.3657,2.1869,-4.3657,92136.55,794.73,1.35,6.5499
59399,0.35,-1.18,5.15,0.8423,-2.9264,-4.3657,92136.55,794.73,0.95,5.3229
59461,5.15,0.71,8.82,-3.6356,-0.5809,-4.3657,92136.55,794.73,0.66,5.7109
59523,-0.69,-0.94,14.50,-1.9047,1.1014,-1.0328,92136.55,794.73,0.46,2.4306
59585,0.42,2.30,3.87,-0.3396,-1.8225,4.3315,92136.55,794.73,0.32,4.7115
59645,3.99,-2.07,14.03,-3.2771,-4.3657,4.3315,92136.55,794.73,0.23,6.9685
59728,4.21,-5.40,11.10,4.3315,4.0877,4.3315,92134.02,794.96,0.98,7.3643
59804,2.32,-6.41,8.46,-2.2364,-1.8373,4.3315,92134.02,794.96,0.69,5.2095
59880,6.16,0.73,2.66,2.9144,-3.2891,4.3315,92134.02,794.96,0.48,6.1704
59976,-2.81,-1.95,11.79,-1.4388,0.6125,-2.9872,92134.02,794.96,0.34,3.3717
60036,-0.91,-0.56,8.73,0.8272,-1.1552,-4.3657,92134.02,794.96,0.24,4.5911
60099,2.27,-0.98,10.76,-4.3657,-4.3657,-4.3657,92134.02,794.96,0.16,7.5617
60159,3.74,-5.09,11.61,-3.5742,-0.1243,-4.3657,92134.02,794.96,0.12,5.6436
60225,1.68,-3.46,11.27,-1.9849,4.3315,-4.3657,92131.52,795.18,1.10,6.4623
60287,-1.84,-1.88,10.95,-3.2483,1.1050,-4.3657,92131.52,795.18,0.77,5.5527
60349,-1.89,-0.84,7.64,1.2414,-1.5533,-2.8529,92131.52,795.18,0.54,3.4775
60411,-1.70,-0.51,11.17,-1.2658,-2.4720,3.9527,92131.52,795.18,0.38,4.8308
60473,-0.27,-1.42,8.30,-2.6179,-1.4622,4.3315,92131.52,795.18,0.26,5.2681
60535,-0.62,-2.90,9.88,3.0904,-2.2669,4.3315,92131.52,795.18,0.19,5.7837
60597,1.65,-4.59,10.18,2.9639,-2.0230,4.3315,92131.52,795.18,0.13,5.6248
60674,3.41,-3.78,8.37,3.3786,1.7680,4.3315,92131.52,795.18,0.09,5.7708
60736,2.63,-1.21,11.28,-0.2589,-0.7885,4.3315,92129.67,795.35,0.87,4.4103
60798,3.36,0.23,7.70,-3.1829,-0.6797,-0.4333,92129.67,795.35,0.61,3.2834
60860,2.43,-1.16,8.09,-2.8958,0.8977,-4.3657,92129.67,795.35,0.43,5.3152
60922,2.97,-2.87,9.65,-2.3553,0.0397,-4.3657,92129.67,795.35,0.30,4.9607
60984,2.22,-3.73,10.45,-2.2477,-2.2672,-4.3657,92129.67,795.35,0.21,5.4085
61047,1.96,-3.09,7.62,-1.3765,-0.8756,-4.3657,92129.67,795.35,0.15,4.6606
61112,0.65,-1.83,10.18,-1.5247,2.1767,-4.3657,92129.67,795.35,0.10,5.1110
61176,-0.87,-1.33,8.35,-0.8800,1.2516,-3.2297,92129.67,795.35,0.07,3.5737
61237,-2.48,-0.84,9.09,0.3613,-0.1154,3.0772,92128.17,795.48,0.71,3.1005
61301,-0.69,-1.15,7.98,-0.4303,-1.5797,4.3315,92128.17,795.48,0.50,4.6306
61362,1.50,-2.96,10.54,-1.7389,-2.3188,4.3315,92128.17,795.48,0.35,5.2117
61431,2.96,-3.24,8.36,2.2424,-0.6619,4.3315,92128.17,795.48,0.24,4.9222
61492,2.73,-2.03,7.63,2.9543,0.4919,4.3315,92128.17,795.48,0.17,5.2661
61559,1.86,-0.60,7.54,1.3054,1.8675,4.3315,92128.17,795.48,0.12,4.8942
61621,2.24,-1.39,9.13,-1.7151,-0.5268,1.5819,92128.17,795.48,0.08,2.3919
61683,3.11,-1.42,8.55,-1.3075,-1.8479,-4.1978,92128.17,795.48,0.06,4.7693
61745,2.44,-2.49,11.11,-2.1068,0.4477,-4.3657,92128.03,795.49,0.10,4.8681
61807,1.02,-1.54,7.01,-2.7315,0.1211,-4.3657,92128.03,795.49,0.07,5.1512
61869,1.72,-2.37,9.75,0.2406,-0.1540,-4.3657,92128.03,795.49,0.05,4.3751
61931,1.14,-1.77,10.13,0.3517,0.2575,-4.3657,92128.03,795.49,0.04,4.3874
61998,0.50,-0.77,8.48,-1.3856,1.1422,-4.3657,92128.03,795.49,0.02,4.7206
62059,-1.03,-0.51,8.70,-0.2048,0.5474,0.3930,92128.03,795.49,0.02,0.7043
62123,0.06,-0.62,8.62,0.7232,-0.5620,4.3315,92128.03,795.49,0.01,4.4272
62184,1.33,-1.58,8.80,-0.7890,-1.3005,4.3315,92128.03,795.49,0.01,4.5908
62248,2.11,-2.05,6.97,1.1906,0.2060,4.3315,92127.52,795.54,0.22,4.4968
62309,0.11,-0.90,0.11,0.8399,0.5219,4.3315,92127.52,795.54,0.16,4.4429
62373,0.12,-1.08,0.98,-0.2690,-0.7163,4.3315,92127.52,795.54,0.11,4.3985
62438,0.24,-1.28,2.07,-1.6034,-2.7468,4.3315,92127.52,795.54,0.08,5.3738
62500,0.05,-1.10,3.12,-1.4653,-2.8145,4.3315,92127.52,795.54,0.05,5.3694
62562,0.74,-1.00,2.62,-0.4630,-2.9977,4.3315,92127.52,795.54,0.04,5.2879
62624,1.02,-0.89,3.54,0.4916,-2.5824,4.3315,92127.52,795.54,0.03,5.0668
62686,0.95,-0.79,3.78,1.2939,-2.0010,4.3315,92127.52,795.54,0.02,4.9437
62748,1.26,-0.57,3.99,2.0170,-1.9882,2.9512,92128.41,795.46,-0.38,4.0903
62815,1.19,-0.51,4.31,2.6394,-2.1741,1.5008,92128.41,795.46,-0.26,3.7344
62876,1.56,-0.30,4.52,2.5081,-1.4923,0.2058,92128.41,795.46,-0.18,2.9257
62940,1.82,-0.14,4.73,1.4552,-0.5376,-0.9201,92128.41,795.46,-0.13,1.8036
63001,1.92,0.04,4.74,0.2551,0.3752,-2.0308,92128.41,795.46,-0.09,2.0809
63065,1.78,-0.07,5.33,-1.4746,0.6207,-3.1885,92128.41,795.46,-0.06,3.5674
63126,1.79,-0.45,5.67,-3.0263,-0.4644,-4.3657,92128.41,795.46,-0.04,5.3324
63190,2.07,-1.08,6.90,-3.7050,-1.7551,-4.3657,92128.41,795.46,-0.03,5.9889
63255,2.45,-1.43,7.17,-3.2190,-2.1694,-4.3657,92131.13,795.30,-0.74,5.8419
63317,2.65,-1.68,6.96,-3.0120,-1.8552,-4.3657,92130.14,795.30,-0.52,5.6190
63380,2.77,-1.99,6.86,-3.7397,-1.2163,-4.3657,92130.14,795.30,-0.36,5.8757
63447,2.85,-2.73,7.34,-4.3657,-2.0400,-4.3657,92130.14,795.30,-0.25,6.5024
63509,2.94,-3.65,8.05,-4.3657,-2.8102,-4.3657,92130.14,795.30,-0.18,6.7835
63571,3.42,-4.51,8.61,-4.3657,-3.6046,-4.3657,92130.14,795.30,-0.12,7.1493
63633,3.70,-5.23,8.87,-4.3657,-3.4115,-4.3657,92130.14,795.30,-0.09,7.0539
63698,3.95,-6.06,8.12,-4.3657,-3.5625,-4.3657,92130.14,795.30,-0.06,7.1281
63762,4.04,-7.12,8.78,-4.3657,-3.8225,-4.3657,92130.14,794.89,-1.99,7.2616
63823,4.26,-8.49,9.45,-4.3657,-4.0545,-4.3657,92134.77,794.89,-1.39,7.3863
63887,4.63,-9.88,9.83,-4.3657,-4.0165,-4.3657,92134.77,794.89,-0.98,7.3656
63948,4.68,-10.93,9.79,-4.3657,-3.4901,-4.3657,92134.77,794.89,-0.68,7.0923
64012,5.17,-12.47,10.99,-4.3657,-3.6349,-4.3657,92134.77,794.89,-0.48,7.1646
64073,5.11,-13.62,10.42,-4.3657,-3.7522,-4.3657,92134.77,794.89,-0.33,7.2248
64151,5.17,-15.17,10.90,-4.3657,-3.2398,-4.3657,92134.77,794.89,-0.23,6.9725
64212,5.72,-16.74,11.15,-4.3657,-3.1646,-4.3657,92134.77,794.89,-0.16,6.9379
64276,5.38,-18.22,10.64,-4.3657,-2.8638,-4.3657,92141.94,794.24,-3.14,6.8059
64337,6.05,-19.61,11.18,-4.3657,-2.7275,-4.3657,92141.94,794.24,-2.20,6.7497
64401,6.12,-19.61,11.09,-4.3657,-2.5103,-4.3657,92141.94,794.24,-1.54,6.6649
64462,6.06,-19.61,10.86,-4.3657,-2.5850,-4.3657,92141.94,794.24,-1.08,6.6934
64529,6.41,-19.61,10.94,-4.3657,-2.4768,-4.3657,92141.94,794.24,-0.75,6.6523
64591,6.48,-19.61,11.04,-4.3657,-2.7063,-4.3657,92141.94,794.24,-0.53,6.7412
64653,6.95,-19.61,12.15,-4.3657,-2.8958,-4.3657,92141.94,794.24,-0.37,6.8194
64715,6.98,-19.61,11.76,-4.3657,-2.7661,-4.3657,92141.94,794.24,-0.26,6.7654
64777,7.58,-19.61,12.43,-4.3657,-2.9675,-4.3657,92141.94,793.16,-5.45,6.8502
64839,7.58,-19.61,10.79,-4.3657,-2.7679,-4.3657,92153.36,793.22,-3.51,6.7661
64901,7.90,-19.61,11.43,-4.3657,-2.7554,-4.3657,92153.36,793.22,-2.46,6.7610
64968,7.78,-19.61,11.30,-4.3657,-2.4993,-4.3657,92153.36,793.22,-1.72,6.6607
65029,7.73,-19.61,10.95,-4.3657,-2.2777,-4.3657,92153.36,793.22,-1.20,6.5808
65093,8.19,-19.61,11.14,-4.3657,-1.9781,-4.3657,92153.36,793.22,-0.84,6.4832
65154,8.31,-19.61,10.51,-4.3657,-1.6780,-4.3657,92153.36,793.22,-0.59,6.3980
65218,8.41,-19.61,10.79,-4.3657,-1.6305,-4.3657,92153.36,793.22,-0.41,6.3857
65279,8.91,-19.61,11.25,-4.3657,-1.7700,-4.3657,92153.36,793.22,-0.29,6.4228
65346,8.94,-19.61,11.38,-4.3657,-1.8317,-4.3657,92167.17,791.98,-5.76,6.4400
65409,9.40,-19.61,11.48,-4.3657,-1.9811,-4.3657,92167.17,791.98,-4.03,6.4841
65476,9.32,-19.61,11.12,-4.3657,-2.0673,-4.3657,92167.17,791.98,-2.82,6.5110
65538,9.44,-19.61,10.98,-4.3657,-2.4684,-4.3657,92167.17,791.98,-1.98,6.6492
65600,10.82,-19.61,11.28,-4.3657,-2.5723,-4.3657,92167.17,791.98,-1.38,6.6885
65662,10.02,-19.61,10.80,-4.3657,-1.9147,-4.3657,92167.17,791.98,-0.97,6.4641
65724,10.87,-19.61,11.05,-4.3657,-1.4687,-4.3657,92167.17,791.98,-0.68,6.3464
65791,10.61,-19.61,9.34,-4.3657,-1.2789,-4.3657,92167.17,791.98,-0.47,6.3051
65852,11.06,-19.61,10.37,-4.3657,-1.4843,-4.3657,92182.89,790.56,-7.28,6.3500
65916,10.71,-19.61,9.93,-4.3657,-1.4162,-4.3657,92182.89,790.56,-5.10,6.3344
65977,10.58,-19.61,10.51,-4.3657,-1.7909,-4.3657,92182.89,790.56,-3.57,6.4286
66041,12.84,-19.61,9.92,-4.3657,-1.8981,-4.3657,92182.89,790.56,-2.50,6.4593
66102,11.59,-19.61,9.86,-4.3657,-1.8868,-4.3657,92182.89,790.56,-1.75,6.4559
66166,10.98,-19.61,10.57,-4.3657,-1.7782,-4.3657,92182.89,790.56,-1.22,6.4250
66231,12.16,-19.61,9.28,-4.3657,-1.8559,-4.3657,92182.89,790.56,-0.86,6.4470
66293,11.88,-19.61,9.67,-4.3657,-1.5753,-4.3657,92182.89,790.56,-0.60,6.3719
66355,11.69,-19.61,9.79,-4.3657,-1.7212,-4.3657,92199.95,789.03,-7.84,6.4095
66417,10.46,-19.61,9.72,-4.3657,-1.7303,-4.3657,92199.95,789.03,-5.49,6.4119
66480,12.43,-19.61,10.02,-4.3657,-1.5162,3.8353,92199.95,789.03,-3.84,6.0057
66542,11.60,-19.61,10.76,-4.3657,-1.7058,4.3315,92199.95,789.03,-2.69,6.3821
66609,12.20,-19.61,8.98,-4.3657,-1.3328,4.3315,92199.95,789.03,-1.88,6.2927
66670,-19.61,-19.61,-19.61,1.3103,4.3315,-4.3657,92199.95,789.03,-1.32,6.2879
66734,13.69,-19.61,-3.25,4.3315,4.3315,-4.3657,92199.95,789.03,-0.92,7.5222
66795,-4.70,-19.61,1.58,4.3315,4.3315,-4.3657,92199.95,789.03,-0.65,7.5222
66859,10.66,-19.61,2.04,2.7090,-4.2388,-4.3657,92216.89,787.51,-7.59,6.6607
66920,0.94,-19.61,6.02,-1.1654,-4.3657,-4.3657,92216.89,787.51,-5.31,6.2831
66984,-11.02,-5.11,17.45,1.7662,4.3315,-4.3657,92216.89,787.51,-3.72,6.3985
67049,5.30,-8.02,-19.61,4.3315,-4.3657,-4.3657,92216.89,787.51,-2.60,7.5419
67111,14.84,-5.21,8.30,-4.3657,-0.5764,-4.3657,92216.89,787.51,-1.82,6.2009
67173,7.70,-8.65,-19.61,-4.3657,4.3315,-4.3657,92216.89,787.51,-1.28,7.5419
67235,9.13,-13.66,-13.79,1.0143,1.4083,-4.3657,92216.89,787.51,-0.89,4.6980
67298,6.87,-4.18,-15.84,-4.3565,-1.0120,-4.3657,92216.89,787.51,-0.62,6.2500
67360,0.71,-6.26,-4.14,-1.3527,1.2737,-4.3657,92232.75,786.08,-7.33,4.7446
67437,-13.56,-6.31,19.46,0.2126,0.5609,-2.1408,92232.75,786.08,-5.13,2.2232
67504,-0.48,0.38,8.95,-0.1474,-0.1793,-0.0129,92232.75,786.08,-3.59,0.2325
67566,1.38,-1.78,9.76,0.1976,0.1123,0.0589,92232.75,786.08,-2.51,0.2348
67628,1.08,-0.91,8.99,0.0019,0.0237,-0.0089,92232.75,786.08,-1.76,0.0254
67690,0.98,-0.67,9.44,-0.0135,-0.0049,-0.0117,92232.75,786.08,-1.23,0.0185
67752,0.92,-0.78,9.67,0.0176,0.0262,-0.0048,92232.75,786.08,-0.86,0.0320
67815,0.47,-1.02,9.52,0.0236,-0.0069,0.0087,92232.75,786.08,-0.60,0.0261
67880,-0.12,-0.70,9.41,-0.0067,0.0084,-0.0156,92247.58,784.75,-6.57,0.0189
67944,0.99,-0.82,9.63,0.0139,0.0160,-0.0069,92247.58,784.75,-4.60,0.0223
68005,0.96,-0.83,9.64,0.0132,0.0177,-0.0081,92247.58,784.75,-3.22,0.0235
68069,0.96,-0.85,9.57,0.0135,0.0147,-0.0013,92247.58,784.75,-2.25,0.0199
68130,1.02,-0.82,9.61,0.0127,0.0135,-0.0033,92247.58,784.75,-1.58,0.0188
68194,1.01,-0.84,9.62,0.0124,0.0144,-0.0044,92247.58,784.75,-1.10,0.0195
68255,1.06,-0.84,9.61,0.0157,0.0168,-0.0028,92247.58,784.75,-0.77,0.0232
68322,0.94,-0.82,9.62,0.0121,0.0123,-0.0051,92247.58,784.75,-0.54,0.0180
68384,0.97,-0.84,9.63,0.0080,0.0164,-0.0087,92261.23,783.52,-6.31,0.0202
68446,0.98,-0.81,9.60,0.0147,0.0143,-0.0083,92261.23,783.52,-4.42,0.0221
68508,1.02,-0.85,9.61,0.0149,0.0187,-0.0055,92261.23,783.52,-3.09,0.0245
68570,0.99,-0.83,9.61,0.0151,0.0160,-0.0039,92261.23,783.52,-2.16,0.0223
68632,1.00,-0.84,9.59,0.0137,0.0160,-0.0043,92261.23,783.52,-1.52,0.0215
68694,0.97,-0.83,9.60,0.0124,0.0144,-0.0071,92261.23,783.52,-1.06,0.0203
68761,1.03,-0.83,9.61,0.0137,0.0171,-0.0044,92261.23,783.52,-0.74,0.0223
68822,0.99,-0.83,9.62,0.0125,0.0136,-0.0053,92261.23,783.52,-0.52,0.0192
68886,1.00,-0.82,9.60,0.0151,0.0155,-0.0049,92274.35,782.34,-5.89,0.0221
68947,0.98,-0.83,9.62,0.0119,0.0168,-0.0051,92274.35,782.34,-4.12,0.0212
69011,0.98,-0.86,9.62,0.0136,0.0129,-0.0049,92274.35,782.34,-2.89,0.0194
69072,1.00,-0.83,9.61,0.0159,0.0161,-0.0052,92274.35,782.34,-2.02,0.0232
69136,0.99,-0.87,9.62,0.0152,0.0129,-0.0027,92274.35,782.34,-1.41,0.0201
69201,0.96,-0.83,9.61,0.0128,0.0107,-0.0067,92274.35,782.34,-0.99,0.0179
69263,1.00,-0.81,9.62,0.0129,0.0128,-0.0064,92274.35,782.34,-0.69,0.0193
69325,0.97,-0.81,9.61,0.0145,0.0159,-0.0039,92274.35,782.34,-0.49,0.0218
69387,0.99,-0.82,9.60,0.0147,0.0151,-0.0064,92286.78,781.23,-5.74,0.0220
69449,0.99,-0.84,9.61,0.0167,0.0149,-0.0064,92286.78,781.23,-4.02,0.0233
69516,0.98,-0.85,9.58,0.0133,0.0128,-0.0057,92286.78,781.23,-2.81,0.0193
69578,0.97,-0.84,9.62,0.0121,0.0155,-0.0065,92286.78,781.23,-1.97,0.0207
69643,0.98,-0.82,9.59,0.0116,0.0136,-0.0055,92286.78,781.23,-1.38,0.0187
69707,0.97,-0.84,9.61,0.0109,0.0145,-0.0055,92286.78,781.23,-0.96,0.0190
69768,0.93,-0.84,9.62,0.0141,0.0161,-0.0068,92286.78,781.23,-0.68,0.0225
69832,0.96,-0.82,9.63,0.0135,0.0136,-0.0069,92286.78,781.23,-0.47,0.0203
69893,0.96,-0.84,9.60,0.0139,0.0147,-0.0043,92298.34,780.19,-5.44,0.0206
69957,1.00,-0.82,9.63,0.0115,0.0131,-0.0040,92298.34,780.19,-3.81,0.0178
70018,0.98,-0.83,9.62,0.0131,0.0131,-0.0045,92298.34,780.19,-2.66,0.0190
70085,0.98,-0.85,9.59,0.0145,0.0121,-0.0061,92298.34,780.19,-1.87,0.0199
70147,1.00,-0.84,9.61,0.0137,0.0127,-0.0059,92298.34,780.19,-1.31,0.0196
70209,1.00,-0.80,9.60,0.0113,0.0127,-0.0053,92298.34,780.19,-0.91,0.0178
70271,1.01,-0.83,9.59,0.0136,0.0147,-0.0063,92298.34,780.19,-0.64,0.0209
70333,0.99,-0.82,9.64,0.0119,0.0147,-0.0043,92298.34,780.19,-0.45,0.0193
70395,0.97,-0.83,9.61,0.0148,0.0116,-0.0064,92309.06,779.23,-4.97,0.0198
70457,0.98,-0.82,9.61,0.0144,0.0148,-0.0045,92309.06,779.23,-3.48,0.0211
70524,0.97,-0.82,9.60,0.0135,0.0128,-0.0037,92309.06,779.23,-2.44,0.0189
70585,0.97,-0.83,9.58,0.0155,0.0133,-0.0051,92309.06,779.23,-1.71,0.0210
70649,0.98,-0.82,9.59,0.0135,0.0153,-0.0040,92309.06,779.23,-1.19,0.0208
70710,0.96,-0.86,9.64,0.0144,0.0149,-0.0073,92309.06,779.23,-0.84,0.0220
70774,0.98,-0.82,9.63,0.0141,0.0131,-0.0049,92309.06,779.23,-0.58,0.0199
70835,0.97,-0.82,9.63,0.0129,0.0123,-0.0065,92309.06,779.23,-0.41,0.0190
70899,0.96,-0.81,9.61,0.0135,0.0129,-0.0029,92319.47,778.29,-4.67,0.0189
70974,0.98,-0.82,9.61,0.0137,0.0120,-0.0045,92319.47,778.29,-3.27,0.0188
71038,1.00,-0.83,9.59,0.0128,0.0135,-0.0049,92319.47,778.29,-2.29,0.0192
71099,1.00,-0.84,9.61,0.0145,0.0145,-0.0040,92319.47,778.29,-1.60,0.0209
71163,0.98,-0.82,9.62,0.0125,0.0187,-0.0053,92319.47,778.29,-1.12,0.0231
71224,0.98,-0.84,9.63,0.0123,0.0128,-0.0043,92319.47,778.29,-0.78,0.0182
71288,0.99,-0.83,9.61,0.0135,0.0136,-0.0059,92319.47,778.29,-0.55,0.0200
71349,0.99,-0.83,9.61,0.0133,0.0136,-0.0044,92319.47,778.29,-0.38,0.0195
71411,0.98,-0.83,9.59,0.0139,0.0144,-0.0065,92328.99,777.44,-4.41,0.0210
71472,0.98,-0.82,9.61,0.0128,0.0124,-0.0049,92328.99,777.44,-3.08,0.0185
71541,0.99,-0.82,9.60,0.0155,0.0139,-0.0055,92328.99,777.44,-2.16,0.0215
71602,0.98,-0.84,9.58,0.0137,0.0143,-0.0052,92328.99,777.44,-1.51,0.0205
71666,0.97,-0.84,9.62,0.0148,0.0129,-0.0065,92328.99,777.44,-1.06,0.0207
71727,0.99,-0.84,9.60,0.0153,0.0125,-0.0060,92328.99,777.44,-0.74,0.0207
71794,0.96,-0.80,9.59,0.0141,0.0120,-0.0044,92328.99,777.44,-0.52,0.0190
71856,0.97,-0.82,9.62,0.0144,0.0140,-0.0055,92328.99,777.44,-0.36,0.0208
71918,0.94,-0.85,9.60,0.0119,0.0151,-0.0051,92337.83,776.65,-4.09,0.0198
71980,0.99,-0.81,9.64,0.0117,0.0177,-0.0047,92337.83,776.65,-2.86,0.0218
72042,0.97,-0.84,9.59,0.0139,0.0153,-0.0060,92337.83,776.65,-2.00,0.0215
72104,1.00,-0.83,9.61,0.0147,0.0144,-0.0051,92337.83,776.65,-1.40,0.0212
72166,1.00,-0.84,9.63,0.0137,0.0171,-0.0055,92337.83,776.65,-0.98,0.0226
72233,1.01,-0.82,9.61,0.0119,0.0139,-0.0064,92337.83,776.65,-0.69,0.0193
72294,0.99,-0.81,9.62,0.0109,0.0143,-0.0053,92337.83,776.65,-0.48,0.0187
72358,0.96,-0.82,9.61,0.0124,0.0127,-0.0065,92337.83,776.65,-0.34,0.0189
72419,0.99,-0.84,9.59,0.0160,0.0131,-0.0063,92346.33,775.88,-3.99,0.0216
72483,0.96,-0.83,9.60,0.0131,0.0159,-0.0036,92346.33,775.88,-2.79,0.0209
72544,1.00,-0.81,9.60,0.0149,0.0133,-0.0072,92346.33,775.88,-1.95,0.0213
72608,1.02,-0.85,9.61,0.0129,0.0136,-0.0063,92346.33,775.88,-1.37,0.0198
72673,0.98,-0.81,9.62,0.0140,0.0136,-0.0068,92346.33,775.88,-0.96,0.0207
72735,0.99,-0.81,9.59,0.0143,0.0145,-0.0059,92346.33,775.88,-0.67,0.0212
72797,0.97,-0.84,9.61,0.0127,0.0132,-0.0053,92346.33,775.88,-0.47,0.0190
72859,1.01,-0.83,9.59,0.0123,0.0152,-0.0048,92346.33,775.88,-0.33,0.0201
72921,0.98,-0.84,9.64,0.0124,0.0133,-0.0048,92354.15,775.18,-3.63,0.0188
72983,0.99,-0.84,9.62,0.0143,0.0168,-0.0055,92354.15,775.18,-2.54,0.0227
73045,0.99,-0.82,9.61,0.0131,0.0123,-0.0079,92354.15,775.18,-1.78,0.0196
73110,0.99,-0.82,9.61,0.0149,0.0143,-0.0048,92354.15,775.18,-1.24,0.0212
73174,1.00,-0.82,9.62,0.0132,0.0140,-0.0079,92354.15,775.18,-0.87,0.0208
73235,0.97,-0.82,9.61,0.0141,0.0161,-0.0025,92354.15,775.18,-0.61,0.0216
73299,0.98,-0.85,9.60,0.0135,0.0152,-0.0057,92354.15,775.18,-0.43,0.0211
73360,0.99,-0.82,9.60,0.0145,0.0131,-0.0064,92354.15,775.18,-0.30,0.0205
73424,0.96,-0.85,9.61,0.0144,0.0143,-0.0063,92361.77,774.50,-3.42,0.0212
73485,0.97,-0.83,9.62,0.0128,0.0131,-0.0064,92361.77,774.50,-2.39,0.0194
73557,1.00,-0.85,9.60,0.0097,0.0155,-0.0053,92361.77,774.50,-1.67,0.0190
73619,0.96,-0.81,9.62,0.0131,0.0136,-0.0083,92361.77,774.50,-1.17,0.0206
73681,0.99,-0.80,9.60,0.0135,0.0139,-0.0047,92361.77,774.50,-0.82,0.0199
73743,0.98,-0.82,9.63,0.0123,0.0160,-0.0069,92361.77,774.50,-0.57,0.0213
73805,0.98,-0.83,9.64,0.0109,0.0143,-0.0072,92361.77,774.50,-0.40,0.0193
73867,0.97,-0.81,9.62,0.0108,0.0139,-0.0057,92361.77,774.50,-0.28,0.0185
73929,0.99,-0.81,9.63,0.0136,0.0183,-0.0048,92368.39,773.90,-3.07,0.0233
74145,0.99,-0.82,9.62,0.0128,0.0147,-0.0045,92368.39,773.90,-2.15,0.0200
74355,0.98,-0.84,9.62,0.0139,0.0135,-0.0025,92368.39,773.90,-1.50,0.0195
74569,-2.68,1.97,6.40,-0.1739,-0.1705,0.0091,92375.00,773.31,-1.88,0.2437
74780,1.21,-4.14,12.40,3.1578,1.9233,-1.9348,92375.00,773.31,-1.32,4.1731
74994,-5.73,1.64,10.62,0.6646,0.6712,0.5602,92381.45,772.73,-1.73,1.0982
75205,-0.80,2.06,5.78,1.0539,0.5125,0.8111,92381.45,772.73,-1.21,1.4252
75437,-2.05,5.33,7.36,0.7286,-0.7045,-0.1344,92386.54,772.27,-1.44,1.0224
75972,-2.89,5.40,4.49,-0.0685,-0.3845,0.1350,92391.12,771.86,-1.24,0.4132
76334,-1.29,6.86,5.51,0.0406,-0.1868,0.0076,92391.12,771.86,-0.87,0.1913
76715,-1.00,7.37,8.76,0.7236,-0.6460,-0.0213,92395.02,771.51,-0.88,0.9703
76836,0.96,6.65,6.13,0.0504,-0.0322,-0.0596,92395.02,771.51,-0.62,0.0844
76897,-1.37,5.89,5.65,-0.2137,0.4201,-0.6636,92395.02,771.51,-0.43,0.8140
76961,0.19,6.85,5.04,0.3500,0.6857,-0.8723,92399.40,771.12,-2.15,1.1634
77022,-1.31,7.15,8.55,-0.4706,0.4017,-0.4096,92399.40,771.12,-1.50,0.7420
77090,-2.22,6.47,6.41,-0.2198,0.4247,-0.7858,92399.40,771.12,-1.05,0.9199
77152,-1.85,6.50,7.64,-0.5957,-0.1966,-0.6989,92399.40,771.12,-0.74,0.9392
77214,-3.48,6.36,9.34,-0.1720,-0.7962,-0.2662,92399.40,771.12,-0.52,0.8569
77276,-3.93,6.46,8.59,-0.2832,-0.8462,0.5183,92399.40,771.12,-0.36,1.0319
77338,-0.90,5.97,8.32,-0.0392,-0.6225,0.5625,92399.40,771.12,-0.25,0.8399
77400,0.10,7.09,8.58,0.5525,-0.7218,0.5556,92399.40,771.12,-0.18,1.0654
77462,-1.17,6.43,7.63,-0.4120,-1.2532,0.9049,92399.40,771.12,-0.12,1.5997
77528,0.28,6.17,7.09,-0.1728,-0.9952,0.8571,92403.30,770.77,-1.68,1.3247
77588,1.79,4.57,6.69,0.1655,-0.9824,0.5297,92403.30,770.77,-1.17,1.1284
77651,1.53,6.78,9.26,0.7414,-0.0088,0.0412,92403.30,770.77,-0.82,0.7426
77711,0.72,6.16,5.98,0.3075,0.6046,0.2498,92403.30,770.77,-0.58,0.7228
77774,3.14,5.89,7.19,-0.0069,-0.6454,0.2164,92403.30,770.77,-0.40,0.6807
77834,3.32,5.57,5.56,0.6651,0.5216,-0.2876,92403.30,770.77,-0.28,0.8928
77897,1.48,6.47,5.07,0.2086,1.1155,-0.9262,92403.30,770.77,-0.20,1.4649
77962,-1.16,6.80,3.88,0.2390,2.1865,-0.9126,92403.30,770.77,-0.14,2.3813
78029,-4.53,5.92,3.70,-0.3663,1.6906,-0.5641,92407.34,770.41,-1.72,1.8194
78091,-0.09,3.41,10.31,0.8025,1.5680,-3.7397,92407.34,770.41,-1.21,4.1337
78153,-6.39,5.56,2.43,-0.0851,0.4638,-2.7705,92407.34,770.41,-0.84,2.8104
78215,-5.85,5.08,9.68,-2.2316,0.0678,-2.5599,92407.34,770.41,-0.59,3.3967
78277,-8.41,4.71,5.87,2.6701,1.3504,1.5692,92407.34,770.41,-0.41,3.3787
78343,-6.45,6.68,4.09,0.1684,-0.1002,-0.2172,92407.34,770.41,-0.29,0.2925
78403,-7.14,5.64,6.38,0.5897,-0.1576,1.5258,92407.34,770.41,-0.20,1.6433
78466,-3.64,7.11,3.79,1.1371,0.5432,1.7126,92407.34,770.41,-0.14,2.1263
78526,-5.60,8.65,2.60,-0.9815,-0.0196,0.1799,92412.59,769.94,-2.45,0.9981
78589,-5.10,6.00,5.04,0.0654,1.5860,1.8985,92412.59,769.94,-1.72,2.4747
78649,-5.66,8.45,3.39,-0.5405,0.5040,0.8263,92412.59,769.94,-1.20,1.1086
78712,-4.19,9.90,4.04,-0.0204,0.1468,2.1137,92412.59,769.94,-0.84,2.1189
78777,-3.78,8.00,3.62,0.4354,0.7229,1.9394,92412.59,769.94,-0.59,2.1151
78839,-2.33,8.17,4.14,-0.2662,-0.0092,1.4666,92412.59,769.94,-0.41,1.4906
78901,1.74,5.80,5.77,0.2438,0.4878,0.7312,92412.59,769.94,-0.29,0.9121
78963,-0.81,8.53,3.37,-0.2939,0.0077,1.1279,92412.59,769.94,-0.20,1.1656
79025,-1.47,6.48,4.97,0.8120,-0.4784,1.4589,92415.63,769.67,-1.46,1.7369
79087,0.89,8.35,3.30,-0.1352,-0.5153,-0.2201,92415.63,769.67,-1.02,0.5765
79149,1.73,8.61,3.91,0.0373,-0.6295,-0.0465,92415.63,769.67,-0.71,0.6323
79214,1.15,7.53,4.49,-0.0041,0.1709,-0.3183,92415.63,769.67,-0.50,0.3613
79277,0.33,9.21,2.16,-0.4529,-0.0481,-0.6323,92415.63,769.67,-0.35,0.7792
79337,-0.17,9.85,3.51,0.2057,0.1973,0.0288,92415.63,769.67,-0.24,0.2865
79400,-1.09,8.77,4.04,-0.1106,-0.3016,-0.1431,92415.63,769.67,-0.17,0.3517
79460,-0.55,9.36,4.20,0.0905,-0.2876,-0.1156,92415.63,769.67,-0.12,0.3230
79523,0.05,8.82,3.68,-0.1739,-0.3535,-0.2229,92418.32,769.42,-1.24,0.4526
79583,0.09,9.10,4.09,0.2134,0.1462,0.5525,92418.32,769.42,-0.87,0.6101
79649,-0.06,7.96,4.11,0.1813,-0.0713,0.4751,92418.32,769.42,-0.61,0.5135
79711,1.13,8.49,3.29,0.1729,0.0466,0.4656,92418.32,769.42,-0.42,0.4989
79773,1.19,8.48,3.70,0.0059,0.0899,-0.0015,92418.32,769.42,-0.30,0.0901
79835,-0.98,10.53,2.90,-0.4093,-0.1464,0.0197,92418.32,769.42,-0.21,0.4351
79897,0.76,8.42,3.64,0.0449,-0.0211,-0.3551,92418.32,769.42,-0.15,0.3585
79959,0.10,8.94,3.60,-0.2821,0.0099,0.0714,92418.32,769.42,-0.10,0.2911
80021,0.20,8.73,3.99,-0.1681,0.0895,-0.0262,92420.48,769.23,-1.01,0.1923
80103,0.90,8.93,4.26,0.1741,0.0400,0.0273,92420.48,769.23,-0.71,0.1807
80165,0.34,8.93,3.90,-0.0225,0.0097,0.1443,92420.48,769.23,-0.49,0.1464
80227,0.84,8.31,4.35,0.0979,0.0610,-0.1856,92420.48,769.23,-0.35,0.2185
80289,0.35,8.82,3.83,0.1188,0.0193,0.1251,92420.48,769.23,-0.24,0.1736
80351,0.61,8.94,3.90,-0.1537,-0.0370,-0.0079,92420.48,769.23,-0.17,0.1583
80413,0.53,9.12,3.80,-0.0157,0.0440,-0.0003,92420.48,769.23,-0.12,0.0467
80475,0.74,8.82,4.32,-0.1669,-0.0129,-0.0949,92420.48,769.23,-0.08,0.1924
80540,0.33,8.75,4.15,0.0039,0.0290,0.0683,92423.02,769.00,-1.11,0.0744
80603,0.67,8.69,4.50,-0.0444,-0.1022,0.0168,92423.02,769.00,-0.77,0.1127
80663,0.37,8.86,3.75,0.0422,-0.0773,0.0245,92423.02,769.00,-0.54,0.0914
80726,0.91,8.94,4.36,0.1803,-0.1022,0.0694,92423.02,769.00,-0.38,0.2185
80786,-0.35,9.05,3.52,0.3584,-0.1006,0.1936,92423.02,769.00,-0.27,0.4196
80849,0.79,9.31,4.50,-0.1251,-0.0157,0.0757,92423.02,769.00,-0.19,0.1471
80909,0.50,9.40,3.72,-0.1972,-0.1407,0.3034,92423.02,769.00,-0.13,0.3882
80975,1.05,8.84,4.07,0.1552,0.0943,0.0349,92423.02,769.00,-0.09,0.1850
81037,1.23,8.19,4.28,-0.3226,0.1160,-0.0350,92424.84,768.84,-0.86,0.3446
81099,1.19,8.68,4.22,0.0512,0.3315,0.0930,92424.84,768.84,-0.60,0.3481
81161,0.83,8.83,3.44,0.0061,0.0009,0.1972,92424.84,768.84,-0.42,0.1973
81223,0.99,9.20,4.39,-0.0955,-0.0128,0.0052,92424.84,768.84,-0.29,0.0965
81285,1.44,8.40,4.10,0.0498,-0.0739,-0.0073,92424.84,768.84,-0.21,0.0895
81347,1.19,8.56,4.02,-0.0642,-0.1278,0.1394,92424.84,768.84,-0.14,0.1997
81413,1.53,8.37,3.82,-0.1667,-0.0766,-0.3641,92424.84,768.84,-0.10,0.4077
81473,1.06,8.53,4.66,0.1844,-0.1166,0.1733,92424.84,768.84,-0.07,0.2786
81537,1.08,9.10,4.16,-0.0686,0.1286,0.1295,92427.03,768.64,-0.97,0.1950
81597,0.82,8.66,3.85,0.0999,-0.0549,0.2308,92427.03,768.64,-0.68,0.2574
81660,0.79,9.46,2.43,-0.0373,0.1749,0.0208,92427.03,768.64,-0.48,0.1801
81720,1.32,8.91,3.71,0.0762,0.0934,0.0613,92427.03,768.64,-0.33,0.1352
81783,1.66,8.49,4.49,-0.1339,0.0983,0.0477,92427.03,768.64,-0.23,0.1728
81848,1.48,8.71,4.12,0.0112,0.0269,0.0941,92427.03,768.64,-0.16,0.0985
81910,1.71,8.46,4.40,0.0659,0.0013,-0.0176,92427.03,768.64,-0.11,0.0683
81972,1.15,8.23,3.99,0.1163,-0.0008,0.0979,92427.03,768.64,-0.08,0.1520
82034,1.87,8.49,4.30,-0.0839,0.0586,-0.0277,92428.69,768.49,-0.77,0.1061
82096,1.19,8.82,3.88,0.0113,0.0469,0.0711,92428.69,768.49,-0.54,0.0860
82163,1.77,8.90,4.17,-0.0284,-0.0225,0.0605,92428.69,768.49,-0.38,0.0705
82225,1.19,8.62,4.27,0.0456,0.1139,-0.0017,92428.69,768.49,-0.27,0.1227
82290,1.57,8.72,4.20,-0.0013,0.0534,0.0707,92428.69,768.49,-0.19,0.0887
82353,1.79,8.70,4.16,-0.0402,0.1480,-0.0811,92428.69,768.49,-0.13,0.1735
82413,1.92,8.71,4.14,-0.1925,0.0506,-0.3584,92428.69,768.49,-0.09,0.4100
82476,0.73,9.10,3.98,-0.2017,0.2984,0.2422,92428.69,768.49,-0.06,0.4341
82536,2.48,7.03,5.24,0.2623,-0.3046,-0.3688,92428.69,768.49,-0.04,0.5455
82600,1.45,8.68,3.80,0.0870,0.0297,-0.0398,92430.70,768.31,-0.88,0.1002
82660,1.24,8.08,4.68,0.2062,-0.2337,0.0739,92430.70,768.31,-0.62,0.3203
82726,1.13,8.89,3.99,0.0749,0.0594,0.1871,92430.70,768.31,-0.43,0.2101
82788,1.19,8.42,4.43,0.0827,-0.1632,0.2598,92430.70,768.31,-0.30,0.3178
82850,1.87,8.35,4.21,0.0268,-0.0222,0.2049,92430.70,768.31,-0.21,0.2078
82912,1.64,8.84,3.69,-0.0750,-0.1346,0.2397,92430.70,768.31,-0.15,0.2849
82974,2.19,8.57,3.87,-0.0522,-0.0489,0.0282,92430.70,768.31,-0.10,0.0769
83036,1.87,8.74,3.74,-0.1320,-0.0434,0.0209,92430.70,768.31,-0.07,0.1406
83098,1.98,7.91,4.15,-0.1631,0.0353,-0.2130,92432.41,768.16,-0.79,0.2706
83164,1.50,8.47,4.66,-0.1029,-0.0025,-0.1943,92432.41,768.16,-0.55,0.2198
83224,1.28,8.85,4.47,-0.1972,-0.0835,-0.1831,92432.41,768.16,-0.39,0.2817
83287,1.71,8.81,4.39,0.0746,-0.0175,-0.1316,92432.41,768.16,-0.27,0.1523
83347,1.35,8.87,3.74,-0.1645,0.2140,-0.1005,92432.41,768.16,-0.19,0.2880
83411,1.83,7.97,5.92,-0.0999,-0.2783,-0.5943,92432.41,768.16,-0.13,0.6638
83471,2.41,8.22,4.38,0.3785,0.0901,-0.3968,92432.41,768.16,-0.09,0.5557
83534,-0.16,9.61,4.11,0.0939,-0.0533,-0.4074,92432.41,768.16,-0.06,0.4215
83609,0.74,8.98,5.12,0.1797,0.1560,0.0536,92434.06,768.01,-0.64,0.2439
83672,0.81,8.84,3.80,0.1398,-0.2126,0.2958,92434.06,768.01,-0.45,0.3902
83732,0.85,9.41,3.93,0.2589,-0.1144,0.3841,92434.06,768.01,-0.31,0.4771
83795,2.05,8.79,4.24,0.0644,-0.1274,0.3309,92434.06,768.01,-0.22,0.3604
83855,0.97,8.05,4.16,-0.0044,-0.0630,0.0979,92434.06,768.01,-0.15,0.1165
83918,2.08,8.55,4.17,-0.0132,-0.1092,0.2141,92434.06,768.01,-0.11,0.2407
83978,1.60,8.97,3.39,-0.1837,-0.0330,0.1139,92434.06,768.01,-0.08,0.2187
84044,1.63,8.04,4.76,-0.0758,0.0802,-0.1095,92434.06,768.01,-0.05,0.1555
84106,1.27,8.35,4.02,-0.1531,-0.0346,-0.0329,92435.06,767.92,-0.47,0.1604
84173,2.00,8.43,4.04,-0.1122,0.0512,-0.0032,92435.06,767.92,-0.33,0.1233
84235,1.57,8.60,4.52,-0.0926,0.0625,-0.1904,92435.06,767.92,-0.23,0.2207
84297,1.82,8.44,4.54,-0.0095,0.0286,-0.0047,92435.06,767.92,-0.16,0.0305
84359,1.47,9.11,4.05,-0.1022,-0.0228,0.0201,92435.06,767.92,-0.11,0.1066
84421,1.72,8.50,4.87,-0.0197,0.0516,-0.0839,92435.06,767.92,-0.08,0.1005
84487,1.74,8.27,4.62,-0.0951,-0.0049,0.0733,92435.06,767.92,-0.06,0.1202
84547,1.58,8.41,4.53,-0.1280,0.0565,-0.1888,92435.06,767.92,-0.04,0.2350
84610,1.65,8.70,4.53,-0.1136,0.0165,-0.0366,92436.57,767.79,-0.67,0.1205
84670,3.28,8.72,4.09,-0.6383,-0.0352,-0.7041,92436.57,767.79,-0.47,0.9510
84734,1.74,7.20,5.53,-0.8519,-0.5508,-1.0082,92436.57,767.79,-0.33,1.4302
84794,3.30,8.15,4.41,-0.8728,-0.5774,-2.5154,92436.57,767.79,-0.23,2.7244
84857,0.81,6.54,7.69,-1.7171,0.1599,-1.7597,92436.57,767.79,-0.16,2.4638
84922,2.76,6.28,7.34,-1.4385,-0.7536,-3.3095,92436.57,767.79,-0.11,3.6864
84984,-2.98,4.76,11.00,-2.1005,-0.2529,-2.1185,92436.57,767.79,-0.08,2.9940
85046,-3.40,4.09,7.64,-1.2136,-0.7565,-1.7325,92436.57,767.79,-0.06,2.2465
85108,-5.09,3.14,7.96,1.4000,0.3769,-0.3317,92437.56,767.70,-0.47,1.4873
85170,-4.63,1.11,9.09,1.1266,0.5680,-1.0521,92437.56,767.70,-0.33,1.6428
85232,-5.69,8.26,2.96,1.1896,0.3086,0.4010,92437.56,767.70,-0.23,1.2928
85294,-3.38,4.61,9.70,1.3896,0.2388,-0.7340,92437.56,767.70,-0.16,1.5896
85359,-5.03,5.38,7.43,0.9359,-0.5732,-0.4455,92437.56,767.70,-0.11,1.1845
85423,-4.97,5.00,4.70,-0.0845,-0.6816,0.0011,92437.56,767.70,-0.08,0.6868
85483,-3.79,5.95,6.78,-0.0935,-0.2272,0.0743,92437.56,767.70,-0.05,0.2567
85547,-4.48,5.37,5.92,0.2646,0.0413,0.1620,92437.56,767.70,-0.04,0.3130
85607,-2.77,6.46,7.71,0.0322,0.2325,0.0540,92438.91,767.58,-0.63,0.2408
85671,-5.67,4.98,7.16,-0.7654,0.2583,-0.2254,92438.91,767.58,-0.44,0.8387
85736,-3.38,6.79,7.07,0.3134,-0.1969,0.2738,92438.91,767.58,-0.31,0.4604
85798,-4.80,4.97,6.41,0.5788,0.7084,0.1799,92438.91,767.58,-0.22,0.9323
85860,-4.23,6.30,6.69,-0.1780,-0.2014,0.2102,92438.91,767.58,-0.15,0.3413
85922,-2.53,5.91,5.94,-0.2691,-0.4421,0.0693,92438.91,767.58,-0.11,0.5222
85984,-6.44,5.54,6.58,-0.4002,-0.2014,0.0444,92438.91,767.58,-0.07,0.4503
86046,-1.87,4.76,5.88,0.1308,0.0360,-0.0757,92438.91,767.58,-0.05,0.1554
86108,-3.07,4.02,6.68,0.4900,0.2173,-0.1932,92439.73,767.50,-0.40,0.5698
86178,-5.66,5.11,9.83,0.2802,0.9486,-1.0071,92439.73,767.50,-0.28,1.4116
86242,-4.85,5.02,6.38,0.4827,0.5935,-0.8156,92439.73,767.50,-0.19,1.1183
86302,-5.92,5.43,6.48,0.4254,-0.4334,0.0775,92439.73,767.50,-0.14,0.6122
86366,-4.49,4.87,6.76,0.0207,0.9268,-0.3488,92439.73,767.50,-0.09,0.9904
86426,-6.39,5.88,2.28,0.3813,-0.1823,0.6631,92439.73,767.50,-0.07,0.7863
86490,-5.44,6.52,5.25,0.4604,-0.2474,0.8576,92439.73,767.50,-0.05,1.0043
86550,-4.04,5.84,5.25,0.0769,-0.3573,0.5548,92439.73,767.50,-0.03,0.6644
86617,-4.94,8.92,6.43,0.2511,-0.8084,0.9850,92440.91,767.40,-0.49,1.2988
86679,0.28,8.06,2.48,-0.3547,-0.1982,0.0005,92440.91,767.40,-0.35,0.4063
86741,-4.63,7.12,7.13,-0.8515,0.3361,-0.5023,92440.91,767.40,-0.24,1.0442
86803,-3.97,6.68,7.30,-0.7260,0.3695,-0.9230,92440.91,767.40,-0.17,1.2311
86865,-4.28,4.55,10.59,0.3813,0.2457,-0.2177,92440.91,767.40,-0.12,0.5031
86927,-4.74,5.56,6.74,0.5486,0.5109,-0.1920,92440.91,767.40,-0.08,0.7739
86989,-3.73,6.12,6.57,0.2144,-0.1300,-0.1074,92440.91,767.40,-0.06,0.2728
87066,-4.12,5.56,6.40,0.3738,0.1516,0.0249,92440.91,767.40,-0.04,0.4042
87128,-3.96,7.07,6.37,0.3192,0.1138,-0.0023,92441.90,767.31,-0.46,0.3389
87190,-4.19,4.90,5.60,-0.4358,-0.1859,-0.1135,92441.90,767.31,-0.32,0.4872
87252,-6.00,6.41,6.06,0.1057,-0.1029,0.5031,92441.90,767.31,-0.23,0.5242
87314,-2.54,9.04,6.19,0.4090,0.4045,-0.3373,92441.90,767.31,-0.16,0.6669
87376,-3.79,6.00,6.32,0.0382,-0.5203,-0.2265,92441.90,767.31,-0.11,0.5687
87438,-5.50,5.61,5.46,-0.0939,0.1354,0.0310,92441.90,767.31,-0.08,0.1677
87503,-4.44,5.38,7.00,0.7317,0.3651,-0.0361,92441.90,767.31,-0.05,0.8185
87567,-3.52,6.94,5.87,-0.1644,-0.2168,-0.2292,92441.90,767.31,-0.04,0.3557
87627,-7.02,5.57,5.39,-0.1001,0.0151,0.1571,92442.75,767.23,-0.41,0.1868
87691,-3.44,7.26,5.92,0.6435,0.1958,0.1328,92442.75,767.23,-0.28,0.6856
87751,-3.45,6.53,5.15,-0.1553,-0.3152,-0.2769,92442.75,767.23,-0.20,0.4474
87815,-4.07,5.81,6.07,0.4183,0.1247,0.2887,92442.75,767.23,-0.14,0.5234
87875,-4.89,7.12,5.79,-0.6620,-0.5156,0.0661,92442.75,767.23,-0.10,0.8417
87941,-2.56,6.59,6.57,0.4942,0.1779,-0.1344,92442.75,767.23,-0.07,0.5421
88003,-7.42,2.11,7.03,0.1404,0.1569,1.2622,92442.75,767.23,-0.05,1.2797
88065,-5.47,10.82,1.81,-0.3258,-0.4620,-0.2814,92442.75,767.23,-0.03,0.6315
